,begin,end,proba
0,2001-02-04 06:59:00,2001-02-04 07:59:00,0.9492802720451704
1,2001-02-04 19:30:00,2001-02-04 20:30:00,0.9182412287633159
2,2001-02-13 20:01:00,2001-02-13 21:01:00,0.920459130764668
3,2001-02-14 09:48:00,2001-02-14 10:48:00,0.9411031893067435
4,2001-02-20 23:20:00,2001-02-21 00:20:00,0.9170086538416895
5,2001-02-21 11:27:00,2001-02-21 12:27:00,0.9290343242273207
6,2001-02-23 08:52:00,2001-02-23 09:52:00,0.7806620535792812
7,2001-02-23 19:39:00,2001-02-23 20:39:00,0.8628906247400895
8,2001-06-02 18:48:00,2001-06-02 19:48:00,0.9301758095440316
9,2001-06-08 17:46:00,2001-06-08 18:46:00,0.9757841454247638
10,2001-07-03 04:22:00,2001-07-03 05:22:00,0.9196679370143858
11,2001-07-03 05:32:00,2001-07-03 06:32:00,0.9367244432870866
12,2001-07-03 07:19:00,2001-07-03 08:19:00,0.9378119208924327
13,2001-07-04 23:35:00,2001-07-05 00:35:00,0.9715151847638133
14,2001-07-05 01:37:00,2001-07-05 02:37:00,0.945438014076474
15,2001-11-06 11:01:00,2001-11-06 12:01:00,0.9150913568618793
16,2001-11-06 12:13:00,2001-11-06 13:13:00,0.9314094920379352
17,2001-11-06 14:26:00,2001-11-06 15:26:00,0.8347095925208555
18,2001-11-06 16:51:00,2001-11-06 17:51:00,0.9516825171307873
19,2001-11-06 19:24:00,2001-11-06 20:24:00,0.9458000534593539
20,2001-11-13 16:57:00,2001-11-13 17:57:00,0.9046895880416099
21,2001-11-13 23:42:00,2001-11-14 00:42:00,0.8790275260274016
22,2001-11-20 03:05:00,2001-11-20 04:05:00,0.9292633197713491
23,2001-11-21 05:52:00,2001-11-21 06:52:00,0.822872582058574
24,2001-11-21 10:50:00,2001-11-21 11:50:00,0.6964231970470549
25,2001-12-04 11:02:00,2001-12-04 12:02:00,0.8986114312145965
26,2001-12-04 12:05:00,2001-12-04 13:05:00,0.9653698437024468
27,2001-12-04 13:48:00,2001-12-04 14:48:00,0.9467332793927363
28,2001-12-21 03:18:00,2001-12-21 04:18:00,0.973639517605721
29,2001-12-22 12:26:00,2001-12-22 13:26:00,0.7818089677815562
30,2001-12-27 07:19:00,2001-12-27 08:19:00,0.959649766403973
31,2002-01-03 08:49:00,2002-01-03 09:49:00,0.9229517557188708
32,2002-01-04 06:17:00,2002-01-04 07:17:00,0.9458311825891241
33,2002-01-05 20:13:00,2002-01-05 21:13:00,0.7916386338666674
34,2002-01-18 08:27:00,2002-01-18 09:27:00,0.9526464735554688
35,2002-01-22 11:10:00,2002-01-22 12:10:00,0.8340681478930241
36,2002-01-22 23:49:00,2002-01-23 00:49:00,0.7317626208433475
37,2002-01-23 00:49:00,2002-01-23 01:49:00,0.7857127805622801
38,2002-01-23 04:02:00,2002-01-23 05:02:00,0.9409333304017511
39,2002-01-24 20:15:00,2002-01-24 21:15:00,0.8492086455867323
40,2002-01-25 09:47:00,2002-01-25 10:47:00,0.9638942785862169
41,2002-02-03 08:45:00,2002-02-03 09:45:00,0.9812198599296236
42,2002-02-12 21:14:00,2002-02-12 22:14:00,0.8699377796171542
43,2002-02-18 02:49:00,2002-02-18 03:49:00,0.8579290109947487
44,2002-02-18 04:29:00,2002-02-18 05:29:00,0.9818397983638307
45,2002-02-19 23:25:00,2002-02-20 00:25:00,0.8095639882079613
46,2002-02-20 12:08:00,2002-02-20 13:08:00,0.8697205038892167
47,2002-02-22 22:20:00,2002-02-22 23:20:00,0.8114120386401719
48,2002-04-09 04:10:00,2002-04-09 05:10:00,0.9188357308489942
49,2002-04-23 07:33:00,2002-04-23 08:33:00,0.8044411265647008
50,2002-04-25 23:49:00,2002-04-26 00:49:00,0.9819157566609387
51,2002-05-07 15:20:00,2002-05-07 16:20:00,0.9733846297778045
52,2002-05-19 19:16:00,2002-05-19 20:16:00,0.9693040971043705
53,2002-05-20 21:12:00,2002-05-20 22:12:00,0.9560694126417152
54,2002-05-20 22:41:00,2002-05-20 23:41:00,0.9805536385596301
55,2002-05-21 00:37:00,2002-05-21 01:37:00,0.9676993377285313
56,2002-05-21 21:35:00,2002-05-21 22:35:00,0.8850048994396362
57,2002-05-31 14:03:00,2002-05-31 15:03:00,0.8144880586019435
58,2002-05-31 16:30:00,2002-05-31 17:30:00,0.8285107509826027
59,2002-06-02 20:53:00,2002-06-02 21:53:00,0.9465729547064509
60,2002-06-04 07:45:00,2002-06-04 08:45:00,0.9934195059636659
61,2002-06-05 07:08:00,2002-06-05 08:08:00,0.9015653739004199
62,2002-06-05 08:58:00,2002-06-05 09:58:00,0.915534643431297
63,2002-06-06 13:18:00,2002-06-06 14:18:00,0.9064548066498539
64,2002-06-07 17:10:00,2002-06-07 18:10:00,0.9605398571100547
65,2002-06-07 21:45:00,2002-06-07 22:45:00,0.9651784535301269
66,2002-06-08 00:08:00,2002-06-08 01:08:00,0.9538351535141615
67,2002-06-09 22:09:00,2002-06-09 23:09:00,0.73534541250948
68,2002-06-11 04:54:00,2002-06-11 05:54:00,0.940347138443152
69,2002-06-11 08:12:00,2002-06-11 09:12:00,0.9005500933801225
70,2002-06-12 09:39:00,2002-06-12 10:39:00,0.8193731396817576
71,2002-06-12 12:52:00,2002-06-12 13:52:00,0.923828815748993
72,2002-06-12 16:19:00,2002-06-12 17:19:00,0.9532228420672174
73,2002-06-13 16:50:00,2002-06-13 17:50:00,0.9115036139138062
74,2002-06-13 18:47:00,2002-06-13 19:47:00,0.9462342646894751
75,2002-06-13 20:27:00,2002-06-13 21:27:00,0.9269359955743491
76,2002-06-16 02:07:00,2002-06-16 03:07:00,0.9351404541783839
77,2002-06-16 04:04:00,2002-06-16 05:04:00,0.8565169528666816
78,2002-06-22 01:28:00,2002-06-22 02:28:00,0.8631583363293718
79,2002-06-22 03:40:00,2002-06-22 04:40:00,0.9356511888156199
80,2002-06-22 05:05:00,2002-06-22 06:05:00,0.856550332175804
81,2002-06-22 06:33:00,2002-06-22 07:33:00,0.8785203770286225
82,2002-06-22 07:48:00,2002-06-22 08:48:00,0.9171973329390847
83,2002-07-06 06:29:00,2002-07-06 07:29:00,0.9641047460359161
84,2002-07-06 09:12:00,2002-07-06 10:12:00,0.9678141513567561
85,2002-10-29 18:27:00,2002-10-29 19:27:00,0.8716334578936376
86,2002-11-03 10:05:00,2002-11-03 11:05:00,0.9472354187571167
87,2002-11-03 13:01:00,2002-11-03 14:01:00,0.6872977758297002
88,2002-11-05 15:11:00,2002-11-05 16:11:00,0.9419218261572986
89,2002-11-05 20:58:00,2002-11-05 21:58:00,0.7887837887829078
90,2002-11-07 21:05:00,2002-11-07 22:05:00,0.9020254223203978
91,2002-11-07 22:56:00,2002-11-07 23:56:00,0.8456140133963912
92,2002-11-10 21:35:00,2002-11-10 22:35:00,0.9330999253849178
93,2002-11-12 22:17:00,2002-11-12 23:17:00,0.9926193528687252
94,2002-11-12 23:22:00,2002-11-13 00:22:00,0.9837650653336827
95,2002-11-13 02:08:00,2002-11-13 03:08:00,0.9442240149108381
96,2002-11-14 14:31:00,2002-11-14 15:31:00,0.9084636352446953
97,2002-11-14 18:55:00,2002-11-14 19:55:00,0.9815582626047639
98,2002-11-14 21:13:00,2002-11-14 22:13:00,0.9468495414769023
99,2002-11-15 09:28:00,2002-11-15 10:28:00,0.9614425325552248
100,2002-11-15 18:00:00,2002-11-15 19:00:00,0.9660428086625624
101,2002-11-16 23:14:00,2002-11-17 00:14:00,0.9502711815450642
102,2002-11-18 00:08:00,2002-11-18 01:08:00,0.9951964398679021
103,2002-11-21 14:27:00,2002-11-21 15:27:00,0.8508907262683314
104,2002-11-21 16:21:00,2002-11-21 17:21:00,0.9777204269482364
105,2002-11-22 21:24:00,2002-11-22 22:24:00,0.8418521277278037
106,2002-11-24 01:18:00,2002-11-24 02:18:00,0.9844674049511559
107,2002-11-25 02:52:00,2002-11-25 03:52:00,0.9481723628381165
108,2002-11-26 11:31:00,2002-11-26 12:31:00,0.951427426446386
109,2002-11-27 16:57:00,2002-11-27 17:57:00,0.9370813972710502
110,2002-11-28 18:29:00,2002-11-28 19:29:00,0.9844347817007877
111,2002-11-30 01:21:00,2002-11-30 02:21:00,0.9682331393984124
112,2002-12-01 02:09:00,2002-12-01 03:09:00,0.9371792119422961
113,2002-12-02 07:47:00,2002-12-02 08:47:00,0.932803927041923
114,2002-12-02 12:14:00,2002-12-02 13:14:00,0.7058156049027091
115,2002-12-03 12:22:00,2002-12-03 13:22:00,0.9739490130042612
116,2002-12-04 19:57:00,2002-12-04 20:57:00,0.9345130977857196
117,2002-12-05 20:50:00,2002-12-05 21:50:00,0.9605133044354417
118,2002-12-07 07:39:00,2002-12-07 08:39:00,0.9016773443602643
119,2002-12-08 02:49:00,2002-12-08 03:49:00,0.9605181292123776
120,2002-12-08 04:18:00,2002-12-08 05:18:00,0.9661402056021727
121,2002-12-09 14:17:00,2002-12-09 15:17:00,0.9850176692140337
122,2002-12-14 11:24:00,2002-12-14 12:24:00,0.8028915080492183
123,2002-12-15 09:14:00,2002-12-15 10:14:00,0.9394970746502053
124,2002-12-16 19:33:00,2002-12-16 20:33:00,0.8816820977865075
125,2002-12-17 15:00:00,2002-12-17 16:00:00,0.9119103962699731
126,2002-12-19 05:47:00,2002-12-19 06:47:00,0.9173188727309047
127,2002-12-19 23:58:00,2002-12-20 00:58:00,0.9316586160441852
128,2002-12-21 14:52:00,2002-12-21 15:52:00,0.9568876616736106
129,2002-12-22 09:18:00,2002-12-22 10:18:00,0.9832280709957482
130,2002-12-23 22:43:00,2002-12-23 23:43:00,0.8637092979331515
131,2002-12-24 14:56:00,2002-12-24 15:56:00,0.9022252284961284
132,2002-12-26 08:04:00,2002-12-26 09:04:00,0.9098572703647891
133,2002-12-26 21:37:00,2002-12-26 22:37:00,0.9407238825306468
134,2002-12-28 17:24:00,2002-12-28 18:24:00,0.928557416770036
135,2002-12-29 10:38:00,2002-12-29 11:38:00,0.9325553134015451
136,2002-12-31 01:04:00,2002-12-31 02:04:00,0.9491830298200197
137,2002-12-31 21:35:00,2002-12-31 22:35:00,0.9805217337074569
138,2003-01-02 10:18:00,2003-01-02 11:18:00,0.942095064989026
139,2003-01-03 01:49:00,2003-01-03 02:49:00,0.8859695147011274
140,2003-01-04 19:27:00,2003-01-04 20:27:00,0.837974671944286
141,2003-01-05 13:06:00,2003-01-05 14:06:00,0.9363657266033318
142,2003-01-07 04:49:00,2003-01-07 05:49:00,0.8512437093487506
143,2003-01-07 20:28:00,2003-01-07 21:28:00,0.8032554203706452
144,2003-01-09 16:05:00,2003-01-09 17:05:00,0.8817690329964626
145,2003-01-10 05:40:00,2003-01-10 06:40:00,0.8819488330049057
146,2003-01-11 23:03:00,2003-01-12 00:03:00,0.834963386746343
147,2003-01-12 16:04:00,2003-01-12 17:04:00,0.932901843817698
148,2003-01-14 08:56:00,2003-01-14 09:56:00,0.7851546712257301
149,2003-01-15 00:19:00,2003-01-15 01:19:00,0.9427221090017545
150,2003-01-21 11:27:00,2003-01-21 12:27:00,0.9267875089825972
151,2003-01-22 03:19:00,2003-01-22 04:19:00,0.9313865390558491
152,2003-01-23 21:39:00,2003-01-23 22:39:00,0.9096255852156713
153,2003-01-26 06:30:00,2003-01-26 07:30:00,0.8905548995565306
154,2003-01-26 20:00:00,2003-01-26 21:00:00,0.8444056781060346
155,2003-01-28 16:53:00,2003-01-28 17:53:00,0.9739854261280054
156,2003-01-29 08:08:00,2003-01-29 09:08:00,0.9702467178642465
157,2003-01-31 00:28:00,2003-01-31 01:28:00,0.899547582661224
158,2003-02-04 19:14:00,2003-02-04 20:14:00,0.8942609209039422
159,2003-02-05 10:44:00,2003-02-05 11:44:00,0.9786804625945795
160,2003-02-07 03:26:00,2003-02-07 04:26:00,0.9091647954557774
161,2003-02-07 17:43:00,2003-02-07 18:43:00,0.8566101631074831
162,2003-02-09 13:46:00,2003-02-09 14:46:00,0.9258859237990936
163,2003-02-10 00:57:00,2003-02-10 01:57:00,0.8594601704806142
164,2003-02-10 01:57:00,2003-02-10 02:57:00,0.8436288238670762
165,2003-02-10 03:50:00,2003-02-10 04:50:00,0.9930558972292739
166,2003-02-11 22:09:00,2003-02-11 23:09:00,0.9402297473717383
167,2003-02-19 01:51:00,2003-02-19 02:51:00,0.9798912559999101
168,2003-02-19 13:11:00,2003-02-19 14:11:00,0.9528422222141708
169,2003-02-21 10:48:00,2003-02-21 11:48:00,0.9162818483439796
170,2003-02-22 01:01:00,2003-02-22 02:01:00,0.9078082126351346
171,2003-02-23 20:20:00,2003-02-23 21:20:00,0.8752703024024348
172,2003-02-24 10:05:00,2003-02-24 11:05:00,0.9734146309941716
173,2003-02-26 05:07:00,2003-02-26 06:07:00,0.8894602779227625
174,2003-02-26 16:09:00,2003-02-26 17:09:00,0.947036917400571
175,2003-02-28 14:23:00,2003-02-28 15:23:00,0.9048618847239676
176,2003-03-01 04:47:00,2003-03-01 05:47:00,0.9708222516475487
177,2003-03-02 22:56:00,2003-03-02 23:56:00,0.8463992049736172
178,2003-03-03 10:12:00,2003-03-03 11:12:00,0.7561276747848056
179,2003-03-05 07:54:00,2003-03-05 08:54:00,0.9138480498214856
180,2003-03-05 19:44:00,2003-03-05 20:44:00,0.8392765730597914
181,2003-03-07 17:22:00,2003-03-07 18:22:00,0.8566911549044302
182,2003-03-08 08:19:00,2003-03-08 09:19:00,0.9271666240529651
183,2003-03-10 02:01:00,2003-03-10 03:01:00,0.9017669990470576
184,2003-03-10 14:11:00,2003-03-10 15:11:00,0.9482408781804357
185,2003-03-12 11:37:00,2003-03-12 12:37:00,0.9346018446964851
186,2003-03-12 23:38:00,2003-03-13 00:38:00,0.918226902366695
187,2003-03-14 20:52:00,2003-03-14 21:52:00,0.9505940145980769
188,2003-03-15 08:37:00,2003-03-15 09:37:00,0.9375834518826928
189,2003-03-17 04:52:00,2003-03-17 05:52:00,0.894457276871804
190,2003-03-17 18:42:00,2003-03-17 19:42:00,0.8896343637765377
191,2003-03-19 14:39:00,2003-03-19 15:39:00,0.7794197261698816
192,2003-03-20 04:14:00,2003-03-20 05:14:00,0.97918211218561
193,2003-03-21 22:56:00,2003-03-21 23:56:00,0.9312372021416753
194,2003-03-24 08:15:00,2003-03-24 09:15:00,0.9701102418010832
195,2003-03-24 23:54:00,2003-03-25 00:54:00,0.9547738497264963
196,2003-03-27 05:02:00,2003-03-27 06:02:00,0.7884025398702383
197,2003-03-29 01:33:00,2003-03-29 02:33:00,0.9175860441805271
198,2003-03-29 14:51:00,2003-03-29 15:51:00,0.7444880916150904
199,2003-03-31 10:57:00,2003-03-31 11:57:00,0.872093072806933
200,2003-04-01 01:18:00,2003-04-01 02:18:00,0.7887377319662079
201,2003-04-02 20:07:00,2003-04-02 21:07:00,0.848463681597586
202,2003-04-03 08:29:00,2003-04-03 09:29:00,0.8749903880260095
203,2003-04-05 05:25:00,2003-04-05 06:25:00,0.8695731912124295
204,2003-04-05 18:16:00,2003-04-05 19:16:00,0.9243353355034704
205,2003-04-08 02:19:00,2003-04-08 03:19:00,0.8682546314151321
206,2003-04-10 00:26:00,2003-04-10 01:26:00,0.9912579695914648
207,2003-04-10 11:46:00,2003-04-10 12:46:00,0.8324483647028827
208,2003-04-12 08:21:00,2003-04-12 09:21:00,0.9530383861793171
209,2003-04-13 00:08:00,2003-04-13 01:08:00,0.9375082239134597
210,2003-04-14 16:44:00,2003-04-14 17:44:00,0.8380550788055884
211,2003-04-15 06:18:00,2003-04-15 07:18:00,0.8455825155460103
212,2003-04-17 02:23:00,2003-04-17 03:23:00,0.9649065431611787
213,2003-04-17 16:29:00,2003-04-17 17:29:00,0.9150938462697218
214,2003-04-21 20:54:00,2003-04-21 21:54:00,0.9466360114284857
215,2003-04-22 10:07:00,2003-04-22 11:07:00,0.9192600390635955
216,2003-04-24 05:23:00,2003-04-24 06:23:00,0.7924024882376755
217,2003-04-24 19:47:00,2003-04-24 20:47:00,0.9244463369227912
218,2003-04-26 14:16:00,2003-04-26 15:16:00,0.8133533905230494
219,2003-04-27 06:13:00,2003-04-27 07:13:00,0.9625032185378453
220,2003-04-28 20:58:00,2003-04-28 21:58:00,0.7572292799271814
221,2003-04-29 15:21:00,2003-04-29 16:21:00,0.7727112029889203
222,2003-05-01 08:54:00,2003-05-01 09:54:00,0.9050361283410207
223,2003-05-02 00:21:00,2003-05-02 01:21:00,0.9656988173432952
224,2003-05-08 12:06:00,2003-05-08 13:06:00,0.9297697551508587
225,2003-05-09 03:31:00,2003-05-09 04:31:00,0.9043596105354742
226,2003-05-10 12:26:00,2003-05-10 13:26:00,0.9089906118937218
227,2003-05-10 15:45:00,2003-05-10 16:45:00,0.9492417835359727
228,2003-05-10 17:05:00,2003-05-10 18:05:00,0.9492631971548307
229,2003-05-10 18:59:00,2003-05-10 19:59:00,0.9021844982352913
230,2003-05-11 19:39:00,2003-05-11 20:39:00,0.7417563571964811
231,2003-05-12 19:51:00,2003-05-12 20:51:00,0.7860573625767717
232,2003-05-14 03:51:00,2003-05-14 04:51:00,0.7836894990456247
233,2003-05-14 06:26:00,2003-05-14 07:26:00,0.7923296957466902
234,2003-05-15 05:22:00,2003-05-15 06:22:00,0.8022071272356235
235,2003-05-21 13:20:00,2003-05-21 14:20:00,0.7911493211870574
236,2003-05-22 08:00:00,2003-05-22 09:00:00,0.8676382282111047
237,2003-05-25 00:03:00,2003-05-25 01:03:00,0.7774405834429703
238,2003-05-25 22:33:00,2003-05-25 23:33:00,0.8951519435367342
239,2003-05-28 02:32:00,2003-05-28 03:32:00,0.8999846949178845
240,2003-05-31 23:33:00,2003-06-01 00:33:00,0.9009886180602418
241,2003-06-01 01:47:00,2003-06-01 02:47:00,0.9415766515894727
242,2003-06-01 21:12:00,2003-06-01 22:12:00,0.8308531894236111
243,2003-06-03 11:02:00,2003-06-03 12:02:00,0.9586418694113563
244,2003-06-03 13:26:00,2003-06-03 14:26:00,0.9112915601203893
245,2003-06-06 17:45:00,2003-06-06 18:45:00,0.9423163990072522
246,2003-06-11 15:39:00,2003-06-11 16:39:00,0.914833844914283
247,2003-06-12 04:15:00,2003-06-12 05:15:00,0.9095427562210334
248,2003-06-12 05:15:00,2003-06-12 06:15:00,0.9619879474416738
249,2003-06-12 17:22:00,2003-06-12 18:22:00,0.8927891517908956
250,2003-06-13 17:38:00,2003-06-13 18:38:00,0.792609898340501
251,2003-06-13 19:18:00,2003-06-13 20:18:00,0.9688141443806508
252,2003-06-16 03:00:00,2003-06-16 04:00:00,0.9151459205691261
253,2003-06-16 14:06:00,2003-06-16 15:06:00,0.8087685695027755
254,2003-06-17 12:53:00,2003-06-17 13:53:00,0.9632644042267914
255,2003-06-19 07:39:00,2003-06-19 08:39:00,0.9629239095509771
256,2003-06-19 10:31:00,2003-06-19 11:31:00,0.932731203909471
257,2003-06-19 15:05:00,2003-06-19 16:05:00,0.9185055044147028
258,2003-06-19 21:17:00,2003-06-19 22:17:00,0.8907948513805014
259,2003-06-21 03:22:00,2003-06-21 04:22:00,0.8517702355017575
260,2003-06-22 01:16:00,2003-06-22 02:16:00,0.9817676047415048
261,2003-06-22 03:51:00,2003-06-22 04:51:00,0.9104962267113725
262,2003-06-22 05:16:00,2003-06-22 06:16:00,0.9007849123194477
263,2003-06-23 19:41:00,2003-06-23 20:41:00,0.9909104024938407
264,2003-06-23 21:06:00,2003-06-23 22:06:00,0.9531076337444707
265,2003-06-23 23:03:00,2003-06-24 00:03:00,0.9202819764898612
266,2003-06-24 01:00:00,2003-06-24 02:00:00,0.9316771507204669
267,2003-06-24 05:33:00,2003-06-24 06:33:00,0.9608112926257372
268,2003-06-24 07:46:00,2003-06-24 08:46:00,0.9769572013544083
269,2003-06-24 10:33:00,2003-06-24 11:33:00,0.9544645428598572
270,2003-06-24 15:38:00,2003-06-24 16:38:00,0.8650120517145911
271,2003-06-26 00:04:00,2003-06-26 01:04:00,0.9776048051383984
272,2003-06-26 03:05:00,2003-06-26 04:05:00,0.9609396203215922
273,2003-06-26 04:06:00,2003-06-26 05:06:00,0.9693569749422907
274,2003-06-26 05:36:00,2003-06-26 06:36:00,0.9518220647127265
275,2003-06-26 09:27:00,2003-06-26 10:27:00,0.9930842953808018
276,2003-06-26 11:47:00,2003-06-26 12:47:00,0.9928378279238645
277,2003-06-28 05:51:00,2003-06-28 06:51:00,0.9075663566647034
278,2003-07-03 14:45:00,2003-07-03 15:45:00,0.9339151002646703
279,2003-07-03 16:05:00,2003-07-03 17:05:00,0.871838559327331
280,2003-07-03 17:20:00,2003-07-03 18:20:00,0.9263728594065245
281,2003-07-03 19:15:00,2003-07-03 20:15:00,0.9212735280671575
282,2003-07-03 20:47:00,2003-07-03 21:47:00,0.972348649867964
283,2003-10-14 18:59:00,2003-10-14 19:59:00,0.7258191691748653
284,2003-10-24 14:55:00,2003-10-24 15:55:00,0.9768519804245838
285,2003-10-26 12:02:00,2003-10-26 13:02:00,0.9761304636095521
286,2003-10-28 12:49:00,2003-10-28 13:49:00,0.768011088182566
287,2003-10-29 07:40:00,2003-10-29 08:40:00,0.9538665068137984
288,2003-10-30 16:44:00,2003-10-30 17:44:00,0.8855114419962024
289,2003-10-30 21:18:00,2003-10-30 22:18:00,0.8870917182849936
290,2003-10-31 02:27:00,2003-10-31 03:27:00,0.8765631281010897
291,2003-10-31 09:34:00,2003-10-31 10:34:00,0.987486504028743
292,2003-10-31 16:15:00,2003-10-31 17:15:00,0.9862511605129474
293,2003-11-02 18:03:00,2003-11-02 19:03:00,0.6675510795683431
294,2003-11-02 19:05:00,2003-11-02 20:05:00,0.6550680017924685
295,2003-11-04 06:46:00,2003-11-04 07:46:00,0.9322741212333976
296,2003-11-04 08:53:00,2003-11-04 09:53:00,0.7581777249003783
297,2003-11-04 10:01:00,2003-11-04 11:01:00,0.7782465446541812
298,2003-11-04 13:50:00,2003-11-04 14:50:00,0.6576014134132853
299,2003-11-04 18:38:00,2003-11-04 19:38:00,0.9430063155142977
300,2003-11-04 23:12:00,2003-11-05 00:12:00,0.9732253575868903
301,2003-11-06 22:32:00,2003-11-06 23:32:00,0.9082614490915091
302,2003-11-07 11:23:00,2003-11-07 12:23:00,0.986618154165534
303,2003-11-07 17:54:00,2003-11-07 18:54:00,0.9895455263706083
304,2003-11-09 03:37:00,2003-11-09 04:37:00,0.9197328676716293
305,2003-11-09 04:44:00,2003-11-09 05:44:00,0.9124799057754687
306,2003-11-09 05:53:00,2003-11-09 06:53:00,0.905127443967406
307,2003-11-09 18:17:00,2003-11-09 19:17:00,0.9872879693709912
308,2003-11-09 19:18:00,2003-11-09 20:18:00,0.925587866711713
309,2003-11-09 22:31:00,2003-11-09 23:31:00,0.955688254204354
310,2003-11-11 10:22:00,2003-11-11 11:22:00,0.899902584216236
311,2003-11-11 12:57:00,2003-11-11 13:57:00,0.9772816737975513
312,2003-11-11 23:11:00,2003-11-12 00:11:00,0.9461946310619983
313,2003-11-12 03:09:00,2003-11-12 04:09:00,0.9759195360995047
314,2003-11-12 07:32:00,2003-11-12 08:32:00,0.9335629782222232
315,2003-11-12 08:53:00,2003-11-12 09:53:00,0.8540203049896005
316,2003-11-13 20:01:00,2003-11-13 21:01:00,0.8964761635800746
317,2003-11-14 12:44:00,2003-11-14 13:44:00,0.9898025433743651
318,2003-11-14 18:29:00,2003-11-14 19:29:00,0.9399698087518308
319,2003-11-16 01:57:00,2003-11-16 02:57:00,0.9441148672561911
320,2003-11-16 03:18:00,2003-11-16 04:18:00,0.9027850023365049
321,2003-11-17 01:43:00,2003-11-17 02:43:00,0.9378197473833243
322,2004-02-13 20:13:00,2004-02-13 21:13:00,0.8785243565645902
323,2004-02-15 15:04:00,2004-02-15 16:04:00,0.8755076006928783
324,2004-02-17 21:07:00,2004-02-17 22:07:00,0.8626129198912281
325,2004-02-18 15:20:00,2004-02-18 16:20:00,0.8731832217303814
326,2004-02-20 09:44:00,2004-02-20 10:44:00,0.8630376678620629
327,2004-02-21 00:58:00,2004-02-21 01:58:00,0.9634637659944798
328,2004-02-23 09:52:00,2004-02-23 10:52:00,0.9859562764810235
329,2004-02-25 04:04:00,2004-02-25 05:04:00,0.9181785015297227
330,2004-02-25 16:43:00,2004-02-25 17:43:00,0.7837643848975502
331,2004-02-27 15:14:00,2004-02-27 16:14:00,0.99404929599265
332,2004-02-28 03:31:00,2004-02-28 04:31:00,0.9756074083894565
333,2004-02-29 22:59:00,2004-02-29 23:59:00,0.9361624766994491
334,2004-03-01 12:24:00,2004-03-01 13:24:00,0.9761866004168573
335,2004-03-03 07:55:00,2004-03-03 08:55:00,0.9328576064739668
336,2004-03-03 22:32:00,2004-03-03 23:32:00,0.9225297278452522
337,2004-03-05 17:09:00,2004-03-05 18:09:00,0.9619540915014498
338,2004-03-06 08:15:00,2004-03-06 09:15:00,0.9459740558471397
339,2004-03-08 01:28:00,2004-03-08 02:28:00,0.988441684850021
340,2004-03-08 15:51:00,2004-03-08 16:51:00,0.8817837631805029
341,2004-03-10 11:56:00,2004-03-10 12:56:00,0.9751036864736424
342,2004-03-10 23:09:00,2004-03-11 00:09:00,0.7563438697957433
343,2004-03-11 01:11:00,2004-03-11 02:11:00,0.9172444587950184
344,2004-03-12 19:55:00,2004-03-12 20:55:00,0.7806835573680839
345,2004-03-13 11:30:00,2004-03-13 12:30:00,0.9341477970065892
346,2004-03-15 03:59:00,2004-03-15 04:59:00,0.8450929743131008
347,2004-03-15 17:33:00,2004-03-15 18:33:00,0.820812138061871
348,2004-03-15 19:49:00,2004-03-15 20:49:00,0.9525725974967644
349,2004-03-17 13:52:00,2004-03-17 14:52:00,0.7546453622271996
350,2004-03-18 04:46:00,2004-03-18 05:46:00,0.9800911474816977
351,2004-03-19 23:31:00,2004-03-20 00:31:00,0.9445207371234811
352,2004-03-20 11:51:00,2004-03-20 12:51:00,0.9372401267885481
353,2004-03-22 08:13:00,2004-03-22 09:13:00,0.757381856579392
354,2004-03-22 20:06:00,2004-03-22 21:06:00,0.8878020114906796
355,2004-03-22 22:03:00,2004-03-22 23:03:00,0.9729672629101498
356,2004-03-24 17:51:00,2004-03-24 18:51:00,0.9222812770888356
357,2004-03-25 07:29:00,2004-03-25 08:29:00,0.9751305743361646
358,2004-03-27 02:17:00,2004-03-27 03:17:00,0.9640996604148051
359,2004-03-29 10:23:00,2004-03-29 11:23:00,0.9037483516967444
360,2004-03-30 02:31:00,2004-03-30 03:31:00,0.9181025445637094
361,2004-03-31 19:47:00,2004-03-31 20:47:00,0.9555359841751037
362,2004-04-01 11:11:00,2004-04-01 12:11:00,0.8351539825869793
363,2004-04-03 04:08:00,2004-04-03 05:08:00,0.847882516816601
364,2004-04-05 15:21:00,2004-04-05 16:21:00,0.8775796568421879
365,2004-04-06 04:00:00,2004-04-06 05:00:00,0.9727815375849154
366,2004-04-07 22:28:00,2004-04-07 23:28:00,0.8576524441480092
367,2004-04-08 13:01:00,2004-04-08 14:01:00,0.9765951711357554
368,2004-04-10 07:52:00,2004-04-10 08:52:00,0.8252204519810726
369,2004-04-10 22:12:00,2004-04-10 23:12:00,0.9506292384748792
370,2004-04-12 16:12:00,2004-04-12 17:12:00,0.7272051712957681
371,2004-04-12 17:12:00,2004-04-12 18:12:00,0.7202335441311064
372,2004-04-12 18:35:00,2004-04-12 19:35:00,0.9676606886197102
373,2004-04-13 10:40:00,2004-04-13 11:40:00,0.9694205073153535
374,2004-04-15 00:24:00,2004-04-15 01:24:00,0.8927344304691045
375,2004-04-15 15:02:00,2004-04-15 16:02:00,0.9391935740450233
376,2004-04-17 12:21:00,2004-04-17 13:21:00,0.7837860326610955
377,2004-04-18 02:51:00,2004-04-18 03:51:00,0.9234759487513411
378,2004-04-19 20:25:00,2004-04-19 21:25:00,0.8335060995964971
379,2004-04-20 11:29:00,2004-04-20 12:29:00,0.8758730249108821
380,2004-04-22 04:32:00,2004-04-22 05:32:00,0.9878033816748881
381,2004-04-22 18:33:00,2004-04-22 19:33:00,0.8324543363279798
382,2004-04-24 14:19:00,2004-04-24 15:19:00,0.9345572535354156
383,2004-05-10 19:19:00,2004-05-10 20:19:00,0.8624633282836492
384,2004-05-17 17:55:00,2004-05-17 18:55:00,0.7757908315535139
385,2004-05-18 09:25:00,2004-05-18 10:25:00,0.8594629386009573
386,2004-05-20 18:33:00,2004-05-20 19:33:00,0.7690002760490178
387,2004-05-23 03:34:00,2004-05-23 04:34:00,0.8475631290980884
388,2004-05-25 22:32:00,2004-05-25 23:32:00,0.9688419981072176
389,2004-05-27 02:01:00,2004-05-27 03:01:00,0.9560936323695088
390,2004-05-29 05:01:00,2004-05-29 06:01:00,0.9697581021723992
391,2004-05-29 06:46:00,2004-05-29 07:46:00,0.9842672011504454
392,2004-05-29 08:15:00,2004-05-29 09:15:00,0.8891029746729553
393,2004-05-29 11:27:00,2004-05-29 12:27:00,0.971420007085972
394,2004-05-31 22:30:00,2004-05-31 23:30:00,0.9311248493240657
395,2004-06-01 18:50:00,2004-06-01 19:50:00,0.9650213657579992
396,2004-06-04 01:55:00,2004-06-04 02:55:00,0.7988891388339405
397,2004-06-05 14:20:00,2004-06-05 15:20:00,0.9012470752605605
398,2004-06-06 12:30:00,2004-06-06 13:30:00,0.9215574867182788
399,2004-06-06 13:57:00,2004-06-06 14:57:00,0.9421620796184617
400,2004-06-07 07:03:00,2004-06-07 08:03:00,0.975936010653547
401,2004-06-08 23:42:00,2004-06-09 00:42:00,0.9836133303173276
402,2004-06-09 01:10:00,2004-06-09 02:10:00,0.9912590074247526
403,2004-06-09 02:33:00,2004-06-09 03:33:00,0.896234732407792
404,2004-06-10 07:38:00,2004-06-10 08:38:00,0.9453546928411375
405,2004-06-10 09:27:00,2004-06-10 10:27:00,0.859531453496844
406,2004-06-11 07:26:00,2004-06-11 08:26:00,0.8389981714582345
407,2004-06-12 12:17:00,2004-06-12 13:17:00,0.9397606600466188
408,2004-06-14 13:06:00,2004-06-14 14:06:00,0.9830407437446145
409,2004-06-14 14:26:00,2004-06-14 15:26:00,0.9481857292835176
410,2004-06-15 00:20:00,2004-06-15 01:20:00,0.930572692446812
411,2004-06-15 02:00:00,2004-06-15 03:00:00,0.8813877373077287
412,2004-06-16 04:34:00,2004-06-16 05:34:00,0.9315915116896736
413,2004-06-16 18:08:00,2004-06-16 19:08:00,0.9463188340609539
414,2004-06-16 23:02:00,2004-06-17 00:02:00,0.9043633932889898
415,2004-06-18 13:06:00,2004-06-18 14:06:00,0.9265352637168237
416,2004-06-19 09:09:00,2004-06-19 10:09:00,0.9480614803517224
417,2004-06-21 12:43:00,2004-06-21 13:43:00,0.9912741027871025
418,2004-06-21 16:38:00,2004-06-21 17:38:00,0.9085672397212748
419,2004-06-21 19:30:00,2004-06-21 20:30:00,0.9630040340898823
420,2004-06-23 06:38:00,2004-06-23 07:38:00,0.7791858989119731
421,2004-06-23 08:18:00,2004-06-23 09:18:00,0.8720959920866183
422,2004-06-23 10:22:00,2004-06-23 11:22:00,0.8838081884817696
423,2004-06-23 11:38:00,2004-06-23 12:38:00,0.8810376744173679
424,2004-06-23 13:54:00,2004-06-23 14:54:00,0.8529845261660662
425,2004-06-23 17:02:00,2004-06-23 18:02:00,0.9616935380177605
426,2004-06-24 05:19:00,2004-06-24 06:19:00,0.9886777702392722
427,2004-06-24 06:51:00,2004-06-24 07:51:00,0.9712950467242795
428,2004-06-26 03:51:00,2004-06-26 04:51:00,0.9626607216581324
429,2004-06-26 07:38:00,2004-06-26 08:38:00,0.9881162594087356
430,2004-06-26 09:33:00,2004-06-26 10:33:00,0.9486496105986523
431,2004-06-26 12:58:00,2004-06-26 13:58:00,0.8983577395987272
432,2004-06-26 13:58:00,2004-06-26 14:58:00,0.9600287876461718
433,2004-06-26 15:29:00,2004-06-26 16:29:00,0.9837232275740067
434,2004-06-30 21:00:00,2004-06-30 22:00:00,0.9605369142423433
435,2004-06-30 23:29:00,2004-07-01 00:29:00,0.9123591216550588
436,2004-07-01 04:59:00,2004-07-01 05:59:00,0.8931338898269767
437,2004-09-13 23:05:00,2004-09-14 00:05:00,0.8078624587372656
438,2004-10-28 16:01:00,2004-10-28 17:01:00,0.9804285724012998
439,2004-10-28 17:44:00,2004-10-28 18:44:00,0.9966792367174387
440,2004-10-28 18:47:00,2004-10-28 19:47:00,0.9313941517186349
441,2004-10-28 20:01:00,2004-10-28 21:01:00,0.7160578386007964
442,2004-10-30 16:56:00,2004-10-30 17:56:00,0.8927483256061557
443,2004-10-30 19:42:00,2004-10-30 20:42:00,0.9706469476510552
444,2004-11-07 02:27:00,2004-11-07 03:27:00,0.9984426267964545
445,2004-11-07 08:21:00,2004-11-07 09:21:00,0.9751176600150127
446,2004-11-09 09:12:00,2004-11-09 10:12:00,0.9756932187178315
447,2004-11-09 23:19:00,2004-11-10 00:19:00,0.9450097028528173
448,2004-11-11 07:22:00,2004-11-11 08:22:00,0.9852900213511068
449,2004-11-12 03:48:00,2004-11-12 04:48:00,0.8453280321620447
450,2004-11-12 06:16:00,2004-11-12 07:16:00,0.9682029107187211
451,2004-11-12 07:40:00,2004-11-12 08:40:00,0.93301345270974
452,2004-11-13 11:17:00,2004-11-13 12:17:00,0.8825955461631678
453,2004-11-13 13:58:00,2004-11-13 14:58:00,0.973079029585577
454,2004-11-13 15:05:00,2004-11-13 16:05:00,0.9900303892340921
455,2004-11-14 00:36:00,2004-11-14 01:36:00,0.9730116830113857
456,2004-11-16 00:06:00,2004-11-16 01:06:00,0.8648893645000081
457,2004-11-16 20:21:00,2004-11-16 21:21:00,0.9139871625713795
458,2004-11-18 08:31:00,2004-11-18 09:31:00,0.9759653049132434
459,2004-11-18 10:48:00,2004-11-18 11:48:00,0.9691042534589909
460,2004-11-19 03:34:00,2004-11-19 04:34:00,0.9907962160939651
461,2004-11-20 10:09:00,2004-11-20 11:09:00,0.9778893924474319
462,2004-11-21 17:30:00,2004-11-21 18:30:00,0.9009710410910612
463,2004-11-22 21:27:00,2004-11-22 22:27:00,0.9319490023105906
464,2004-11-23 01:11:00,2004-11-23 02:11:00,0.9795932169464722
465,2004-11-23 06:00:00,2004-11-23 07:00:00,0.9746441702630977
466,2004-11-24 01:09:00,2004-11-24 02:09:00,0.7737687591239539
467,2004-11-25 03:52:00,2004-11-25 04:52:00,0.9833370039207517
468,2004-11-26 08:19:00,2004-11-26 09:19:00,0.8014312886608618
469,2004-11-27 12:08:00,2004-11-27 13:08:00,0.8687396007448258
470,2004-11-28 21:55:00,2004-11-28 22:55:00,0.8831325125480292
471,2004-11-29 18:53:00,2004-11-29 19:53:00,0.8412983756389156
472,2004-12-01 03:53:00,2004-12-01 04:53:00,0.9639256812108832
473,2004-12-02 09:49:00,2004-12-02 10:49:00,0.8961014108525753
474,2004-12-03 13:55:00,2004-12-03 14:55:00,0.9728315197701058
475,2004-12-06 00:17:00,2004-12-06 01:17:00,0.9468049963755831
476,2004-12-07 00:20:00,2004-12-07 01:20:00,0.9610880464382208
477,2004-12-07 02:41:00,2004-12-07 03:41:00,0.9780503586696866
478,2004-12-08 06:47:00,2004-12-08 07:47:00,0.9211833805849132
479,2004-12-09 07:08:00,2004-12-09 08:08:00,0.9269470476448473
480,2004-12-10 18:19:00,2004-12-10 19:19:00,0.7764937165960638
481,2004-12-11 13:14:00,2004-12-11 14:14:00,0.9961972918491407
482,2004-12-13 00:13:00,2004-12-13 01:13:00,0.8869091534398931
483,2004-12-13 22:34:00,2004-12-13 23:34:00,0.8545842028507302
484,2004-12-15 12:19:00,2004-12-15 13:19:00,0.9385241890292059
485,2004-12-17 21:47:00,2004-12-17 22:47:00,0.8743670923960581
486,2004-12-18 19:26:00,2004-12-18 20:26:00,0.9403404301715307
487,2004-12-20 05:58:00,2004-12-20 06:58:00,0.9953929421544563
488,2004-12-21 00:03:00,2004-12-21 01:03:00,0.9354014187671358
489,2004-12-22 16:34:00,2004-12-22 17:34:00,0.9965267811467617
490,2004-12-23 13:30:00,2004-12-23 14:30:00,0.9582140146444786
491,2004-12-25 00:31:00,2004-12-25 01:31:00,0.9513073640626701
492,2004-12-25 20:14:00,2004-12-25 21:14:00,0.91931817761987
493,2004-12-27 11:05:00,2004-12-27 12:05:00,0.9136175357695535
494,2004-12-28 05:43:00,2004-12-28 06:43:00,0.947843528961641
495,2004-12-29 20:02:00,2004-12-29 21:02:00,0.9768443771511915
496,2004-12-30 09:56:00,2004-12-30 10:56:00,0.9781236059700387
497,2005-01-01 04:13:00,2005-01-01 05:13:00,0.7693402884744921
498,2005-01-01 17:35:00,2005-01-01 18:35:00,0.9620597303307338
499,2005-01-03 13:50:00,2005-01-03 14:50:00,0.9001488916558832
500,2005-01-04 06:13:00,2005-01-04 07:13:00,0.9369857273154082
501,2005-01-05 22:42:00,2005-01-05 23:42:00,0.9152485184638078
502,2005-01-06 14:36:00,2005-01-06 15:36:00,0.8774331127074375
503,2005-01-08 09:19:00,2005-01-08 10:19:00,0.956322261402285
504,2005-01-08 23:50:00,2005-01-09 00:50:00,0.9556785880530304
505,2005-01-10 17:13:00,2005-01-10 18:13:00,0.8965226237632599
506,2005-01-11 11:32:00,2005-01-11 12:32:00,0.9515038862707681
507,2005-01-13 01:38:00,2005-01-13 02:38:00,0.992075818806792
508,2005-01-13 16:06:00,2005-01-13 17:06:00,0.9609132246938773
509,2005-01-15 10:36:00,2005-01-15 11:36:00,0.9514310473715473
510,2005-01-16 03:38:00,2005-01-16 04:38:00,0.9211986295579019
511,2005-01-17 21:38:00,2005-01-17 22:38:00,0.9604011599066091
512,2005-01-18 13:15:00,2005-01-18 14:15:00,0.9358071527924328
513,2005-01-20 02:17:00,2005-01-20 03:17:00,0.9584015416074027
514,2005-01-22 13:49:00,2005-01-22 14:49:00,0.8586194676179842
515,2005-01-23 05:54:00,2005-01-23 06:54:00,0.9843063471478543
516,2005-01-24 22:44:00,2005-01-24 23:44:00,0.8901944248465776
517,2005-01-25 15:11:00,2005-01-25 16:11:00,0.9593546573346008
518,2005-01-27 07:31:00,2005-01-27 08:31:00,0.7975284557513905
519,2005-01-29 18:29:00,2005-01-29 19:29:00,0.8929213830460504
520,2005-01-30 07:49:00,2005-01-30 08:49:00,0.9323126496021142
521,2005-02-01 01:53:00,2005-02-01 02:53:00,0.9314531966885744
522,2005-02-01 19:27:00,2005-02-01 20:27:00,0.982390558044547
523,2005-02-03 11:34:00,2005-02-03 12:34:00,0.9185416710027317
524,2005-02-04 03:40:00,2005-02-04 04:40:00,0.8842059071264671
525,2005-02-05 21:06:00,2005-02-05 22:06:00,0.9692477939940559
526,2005-02-06 11:02:00,2005-02-06 12:02:00,0.9601227616358827
527,2005-02-08 05:34:00,2005-02-08 06:34:00,0.8858425215065249
528,2005-02-08 17:53:00,2005-02-08 18:53:00,0.8466944401823343
529,2005-02-10 15:20:00,2005-02-10 16:20:00,0.9403441689391309
530,2005-02-11 05:23:00,2005-02-11 06:23:00,0.9729801192438695
531,2005-02-12 23:33:00,2005-02-13 00:33:00,0.9728073531889319
532,2005-02-13 14:38:00,2005-02-13 15:38:00,0.8959210201272749
533,2005-02-15 09:08:00,2005-02-15 10:08:00,0.9916534251236064
534,2005-02-15 22:38:00,2005-02-15 23:38:00,0.9672105239395419
535,2005-02-17 18:25:00,2005-02-17 19:25:00,0.9491471826898717
536,2005-02-18 06:37:00,2005-02-18 07:37:00,0.9709976853945049
537,2005-02-20 03:02:00,2005-02-20 04:02:00,0.9710174017089442
538,2005-02-20 15:12:00,2005-02-20 16:12:00,0.854321869927878
539,2005-02-22 12:22:00,2005-02-22 13:22:00,0.9822374316959495
540,2005-02-23 02:55:00,2005-02-23 03:55:00,0.9075120126469977
541,2005-02-24 21:53:00,2005-02-24 22:53:00,0.8944687724072128
542,2005-02-25 10:01:00,2005-02-25 11:01:00,0.9234092225724595
543,2005-02-27 05:55:00,2005-02-27 06:55:00,0.9596287448609029
544,2005-02-27 19:03:00,2005-02-27 20:03:00,0.8195472903016398
545,2005-03-01 15:14:00,2005-03-01 16:14:00,0.9642320152744721
546,2005-03-02 05:29:00,2005-03-02 06:29:00,0.9419970108015696
547,2005-03-03 23:34:00,2005-03-04 00:34:00,0.9427661959683019
548,2005-03-04 14:40:00,2005-03-04 15:40:00,0.9571626573766469
549,2005-03-06 09:56:00,2005-03-06 10:56:00,0.9416635543953471
550,2005-03-08 18:49:00,2005-03-08 19:49:00,0.984266891752866
551,2005-03-09 08:36:00,2005-03-09 09:36:00,0.9423346631052434
552,2005-03-11 02:00:00,2005-03-11 03:00:00,0.8966484675591361
553,2005-03-11 19:59:00,2005-03-11 20:59:00,0.9926758477458087
554,2005-03-13 13:13:00,2005-03-13 14:13:00,0.9454903025670937
555,2005-03-13 23:48:00,2005-03-14 00:48:00,0.9064922669238747
556,2005-03-15 22:02:00,2005-03-15 23:02:00,0.8864834917545815
557,2005-03-16 10:15:00,2005-03-16 11:15:00,0.9433891551012271
558,2005-03-18 06:04:00,2005-03-18 07:04:00,0.8025977243910866
559,2005-03-20 15:39:00,2005-03-20 16:39:00,0.6976778773364316
560,2005-03-21 09:28:00,2005-03-21 10:28:00,0.8045618139868844
561,2005-03-23 00:28:00,2005-03-23 01:28:00,0.9895770079818239
562,2005-03-28 11:14:00,2005-03-28 12:14:00,0.9143304671384185
563,2005-03-30 03:00:00,2005-03-30 04:00:00,0.9491962212022925
564,2005-03-30 15:55:00,2005-03-30 16:55:00,0.8515109545430964
565,2005-03-30 17:31:00,2005-03-30 18:31:00,0.9156680639283098
566,2005-03-30 18:57:00,2005-03-30 19:57:00,0.8995093231095104
567,2005-04-01 09:58:00,2005-04-01 10:58:00,0.9271381126317961
568,2005-04-01 13:09:00,2005-04-01 14:09:00,0.9827357385610895
569,2005-04-02 03:57:00,2005-04-02 04:57:00,0.9600989891199189
570,2005-04-03 22:04:00,2005-04-03 23:04:00,0.9609570228821478
571,2005-04-04 11:00:00,2005-04-04 12:00:00,0.9511029497255834
572,2005-04-06 06:37:00,2005-04-06 07:37:00,0.9501215311451457
573,2005-04-06 22:20:00,2005-04-06 23:20:00,0.9101505411701221
574,2005-04-08 12:29:00,2005-04-08 13:29:00,0.9647659536694495
575,2005-04-08 16:04:00,2005-04-08 17:04:00,0.8027269927097965
576,2005-04-09 08:01:00,2005-04-09 09:01:00,0.9618137301935746
577,2005-04-11 00:47:00,2005-04-11 01:47:00,0.973775010838208
578,2005-04-11 12:28:00,2005-04-11 13:28:00,0.911369977642951
579,2005-04-13 10:51:00,2005-04-13 11:51:00,0.9112399899889704
580,2005-04-13 21:46:00,2005-04-13 22:46:00,0.9038674372449014
581,2005-04-13 22:46:00,2005-04-13 23:46:00,0.9300087234513695
582,2005-04-14 00:43:00,2005-04-14 01:43:00,0.8363395404270144
583,2005-04-15 17:57:00,2005-04-15 18:57:00,0.926693674316998
584,2005-04-16 11:18:00,2005-04-16 12:18:00,0.9037719116297772
585,2005-04-18 02:05:00,2005-04-18 03:05:00,0.8166397979255484
586,2005-04-18 16:35:00,2005-04-18 17:35:00,0.8994906943246973
587,2005-04-18 19:40:00,2005-04-18 20:40:00,0.9399263912592741
588,2005-04-20 13:42:00,2005-04-20 14:42:00,0.9238182607246891
589,2005-04-21 05:59:00,2005-04-21 06:59:00,0.8720879640685023
590,2005-04-22 22:01:00,2005-04-22 23:01:00,0.9560096031553633
591,2005-04-23 11:29:00,2005-04-23 12:29:00,0.9538746991297008
592,2005-04-25 06:21:00,2005-04-25 07:21:00,0.955873115838341
593,2005-04-25 23:59:00,2005-04-26 00:59:00,0.8164518053431105
594,2005-04-27 13:59:00,2005-04-27 14:59:00,0.9181653247376236
595,2005-04-28 07:39:00,2005-04-28 08:39:00,0.894304828495279
596,2005-04-30 00:32:00,2005-04-30 01:32:00,0.9089764505086467
597,2005-05-02 09:04:00,2005-05-02 10:04:00,0.9420754705696616
598,2005-05-03 01:44:00,2005-05-03 02:44:00,0.8000083741280132
599,2005-05-04 13:42:00,2005-05-04 14:42:00,0.902177570215038
600,2005-05-05 10:49:00,2005-05-05 11:49:00,0.9941942856623964
601,2005-05-07 03:30:00,2005-05-07 04:30:00,0.9758370216003636
602,2005-05-09 10:48:00,2005-05-09 11:48:00,0.8451054226267399
603,2005-05-10 07:32:00,2005-05-10 08:32:00,0.9842807963905593
604,2005-05-11 20:55:00,2005-05-11 21:55:00,0.9268455064952767
605,2005-05-12 13:42:00,2005-05-12 14:42:00,0.9726246777883705
606,2005-05-14 02:54:00,2005-05-14 03:54:00,0.9545832224984747
607,2005-05-15 01:12:00,2005-05-15 02:12:00,0.9357281094031875
608,2005-05-16 11:15:00,2005-05-16 12:15:00,0.8926382672866007
609,2005-05-17 15:14:00,2005-05-17 16:14:00,0.9180882096516132
610,2005-05-17 17:04:00,2005-05-17 18:04:00,0.9821286289419929
611,2005-05-18 15:24:00,2005-05-18 16:24:00,0.9511408710552154
612,2005-05-19 19:24:00,2005-05-19 20:24:00,0.9773089568276448
613,2005-05-21 08:41:00,2005-05-21 09:41:00,0.8927129666662688
614,2005-05-22 01:29:00,2005-05-22 02:29:00,0.82886076663922
615,2005-05-22 04:21:00,2005-05-22 05:21:00,0.8910895797123776
616,2005-05-23 15:55:00,2005-05-23 16:55:00,0.9626795021085008
617,2005-05-24 12:19:00,2005-05-24 13:19:00,0.9079333483253775
618,2005-05-24 16:38:00,2005-05-24 17:38:00,0.9157016902758474
619,2005-05-25 20:20:00,2005-05-25 21:20:00,0.9086344874046537
620,2005-05-29 03:38:00,2005-05-29 04:38:00,0.9232832963047851
621,2005-05-30 17:22:00,2005-05-30 18:22:00,0.862816109161128
622,2005-05-31 10:35:00,2005-05-31 11:35:00,0.9039342685817127
623,2005-05-31 12:26:00,2005-05-31 13:26:00,0.9372773128922977
624,2005-06-04 10:33:00,2005-06-04 11:33:00,0.9438537309246224
625,2005-06-04 11:34:00,2005-06-04 12:34:00,0.9264085928379728
626,2005-06-07 00:23:00,2005-06-07 01:23:00,0.8901048635958179
627,2005-06-08 13:28:00,2005-06-08 14:28:00,0.9229817963593752
628,2005-06-10 15:34:00,2005-06-10 16:34:00,0.9203495827056544
629,2005-06-11 21:58:00,2005-06-11 22:58:00,0.7224414769896144
630,2005-06-15 05:16:00,2005-06-15 06:16:00,0.9058791531042043
631,2005-06-15 09:45:00,2005-06-15 10:45:00,0.7421975040631639
632,2005-06-15 12:51:00,2005-06-15 13:51:00,0.9813499200924288
633,2005-06-17 23:32:00,2005-06-18 00:32:00,0.8816479656139224
634,2005-06-18 03:00:00,2005-06-18 04:00:00,0.9119230530711887
635,2005-06-22 21:26:00,2005-06-22 22:26:00,0.9583864229350838
636,2005-06-24 03:28:00,2005-06-24 04:28:00,0.8677991431886397
637,2005-08-25 17:49:00,2005-08-25 18:49:00,0.9193450895528504
638,2005-09-13 18:41:00,2005-09-13 19:41:00,0.9118006558508864
639,2005-10-25 16:12:00,2005-10-25 17:12:00,0.8141283917928579
640,2005-10-25 21:58:00,2005-10-25 22:58:00,0.9963522535500741
641,2005-10-26 00:34:00,2005-10-26 01:34:00,0.9118108900007795
642,2005-10-30 11:36:00,2005-10-30 12:36:00,0.9670681003548954
643,2005-10-30 13:26:00,2005-10-30 14:26:00,0.9685404841169837
644,2005-11-01 19:02:00,2005-11-01 20:02:00,0.8507795308215532
645,2005-11-01 21:20:00,2005-11-01 22:20:00,0.7493907694401345
646,2005-11-02 12:09:00,2005-11-02 13:09:00,0.9408917999616073
647,2005-11-03 23:01:00,2005-11-04 00:01:00,0.9270347430066256
648,2005-11-04 04:34:00,2005-11-04 05:34:00,0.8858829698680313
649,2005-11-04 17:40:00,2005-11-04 18:40:00,0.883542700884609
650,2005-11-06 18:08:00,2005-11-06 19:08:00,0.995322402788884
651,2005-11-06 19:15:00,2005-11-06 20:15:00,0.938719223808979
652,2005-11-09 02:22:00,2005-11-09 03:22:00,0.9214900861853317
653,2005-11-09 05:01:00,2005-11-09 06:01:00,0.9803484214456498
654,2005-11-09 10:37:00,2005-11-09 11:37:00,0.9639527019757648
655,2005-11-09 12:24:00,2005-11-09 13:24:00,0.8707462418546901
656,2005-11-09 14:16:00,2005-11-09 15:16:00,0.8678271475900459
657,2005-11-10 21:39:00,2005-11-10 22:39:00,0.9792861287637948
658,2005-11-11 03:01:00,2005-11-11 04:01:00,0.9890379204645254
659,2005-11-11 23:01:00,2005-11-12 00:01:00,0.8694394160297516
660,2005-11-13 17:36:00,2005-11-13 18:36:00,0.9962309850806769
661,2005-11-13 23:07:00,2005-11-14 00:07:00,0.8096009370823247
662,2005-11-14 00:52:00,2005-11-14 01:52:00,0.8842985577106877
663,2005-11-15 20:43:00,2005-11-15 21:43:00,0.9963375318374736
664,2005-11-16 02:41:00,2005-11-16 03:41:00,0.9507317403418971
665,2005-11-16 04:10:00,2005-11-16 05:10:00,0.9836005295878754
666,2005-11-16 06:00:00,2005-11-16 07:00:00,0.9727970903859507
667,2005-11-16 14:04:00,2005-11-16 15:04:00,0.9204784591156076
668,2005-11-16 18:24:00,2005-11-16 19:24:00,0.9009822964448352
669,2005-11-17 22:45:00,2005-11-17 23:45:00,0.8877061548850592
670,2005-11-19 02:46:00,2005-11-19 03:46:00,0.9591924945188667
671,2005-11-21 02:33:00,2005-11-21 03:33:00,0.8917285876190524
672,2005-11-21 09:59:00,2005-11-21 10:59:00,0.99736144501105
673,2005-11-21 12:29:00,2005-11-21 13:29:00,0.8574776500736174
674,2005-11-22 13:46:00,2005-11-22 14:46:00,0.8762288231255699
675,2005-11-23 19:25:00,2005-11-23 20:25:00,0.7652362036726572
676,2005-11-25 08:33:00,2005-11-25 09:33:00,0.9144638872101204
677,2005-11-25 23:45:00,2005-11-26 00:45:00,0.8788567083494233
678,2005-11-26 02:15:00,2005-11-26 03:15:00,0.9024147430982843
679,2005-11-27 08:29:00,2005-11-27 09:29:00,0.939812748839926
680,2005-11-28 17:51:00,2005-11-28 18:51:00,0.9735704549596307
681,2005-11-28 19:30:00,2005-11-28 20:30:00,0.8067958775776389
682,2005-11-29 15:18:00,2005-11-29 16:18:00,0.92805257954911
683,2005-11-30 23:53:00,2005-12-01 00:53:00,0.9106483628051717
684,2005-12-01 22:09:00,2005-12-01 23:09:00,0.9845384353412239
685,2005-12-03 09:34:00,2005-12-03 10:34:00,0.9569304940035579
686,2005-12-05 16:15:00,2005-12-05 17:15:00,0.9469685369117368
687,2005-12-05 18:34:00,2005-12-05 19:34:00,0.9914991697920494
688,2005-12-06 20:03:00,2005-12-06 21:03:00,0.9595545877569519
689,2005-12-08 00:22:00,2005-12-08 01:22:00,0.9652010175851484
690,2005-12-09 03:02:00,2005-12-09 04:02:00,0.995135462876915
691,2005-12-10 15:01:00,2005-12-10 16:01:00,0.9154163467682505
692,2005-12-12 19:30:00,2005-12-12 20:30:00,0.9355930698433863
693,2005-12-13 19:28:00,2005-12-13 20:28:00,0.9785058707797257
694,2005-12-13 20:47:00,2005-12-13 21:47:00,0.984576092834052
695,2005-12-14 01:15:00,2005-12-14 02:15:00,0.9907478664606043
696,2005-12-15 04:29:00,2005-12-15 05:29:00,0.8747372872822609
697,2005-12-16 02:49:00,2005-12-16 03:49:00,0.979008114930907
698,2005-12-17 17:48:00,2005-12-17 18:48:00,0.9638926496987292
699,2005-12-18 10:59:00,2005-12-18 11:59:00,0.9116393972280469
700,2005-12-20 01:27:00,2005-12-20 02:27:00,0.85064518975015
701,2005-12-20 22:36:00,2005-12-20 23:36:00,0.9834921926804312
702,2005-12-21 00:08:00,2005-12-21 01:08:00,0.9680060320797139
703,2005-12-22 10:49:00,2005-12-22 11:49:00,0.9709438536255901
704,2005-12-23 07:25:00,2005-12-23 08:25:00,0.952705263436393
705,2005-12-24 20:00:00,2005-12-24 21:00:00,0.8440886173176296
706,2005-12-25 20:13:00,2005-12-25 21:13:00,0.9508421057515988
707,2005-12-27 05:01:00,2005-12-27 06:01:00,0.9952992317917175
708,2005-12-27 19:49:00,2005-12-27 20:49:00,0.8409253923031949
709,2005-12-29 13:59:00,2005-12-29 14:59:00,0.8213119998036477
710,2005-12-30 08:59:00,2005-12-30 09:59:00,0.9486494958741873
711,2005-12-31 22:28:00,2005-12-31 23:28:00,0.8456065877767743
712,2006-01-01 14:01:00,2006-01-01 15:01:00,0.8106082886515472
713,2006-01-03 06:32:00,2006-01-03 07:32:00,0.9476100366346246
714,2006-01-04 05:16:00,2006-01-04 06:16:00,0.9700692621596976
715,2006-01-05 18:25:00,2006-01-05 19:25:00,0.8748018151425674
716,2006-01-08 01:20:00,2006-01-08 02:20:00,0.9214883531652291
717,2006-01-08 21:27:00,2006-01-08 22:27:00,0.9334518484181779
718,2006-01-10 12:09:00,2006-01-10 13:09:00,0.8991195310405166
719,2006-01-11 05:19:00,2006-01-11 06:19:00,0.8969483336642398
720,2006-01-12 20:19:00,2006-01-12 21:19:00,0.892606590611222
721,2006-01-15 04:36:00,2006-01-15 05:36:00,0.8899362052966094
722,2006-01-15 19:24:00,2006-01-15 20:24:00,0.8472547556996836
723,2006-01-17 16:00:00,2006-01-17 17:00:00,0.9798901656024666
724,2006-01-18 07:01:00,2006-01-18 08:01:00,0.9513924554318752
725,2006-01-19 23:16:00,2006-01-20 00:16:00,0.9552481010118501
726,2006-01-20 16:04:00,2006-01-20 17:04:00,0.9492434416634852
727,2006-01-22 09:01:00,2006-01-22 10:01:00,0.9367392375991643
728,2006-01-22 23:53:00,2006-01-23 00:53:00,0.8953283364670076
729,2006-01-24 17:57:00,2006-01-24 18:57:00,0.9046293259057735
730,2006-01-25 12:25:00,2006-01-25 13:25:00,0.9625117577537186
731,2006-01-27 01:54:00,2006-01-27 02:54:00,0.9465250281887148
732,2006-01-27 19:42:00,2006-01-27 20:42:00,0.9532643864592711
733,2006-01-29 10:28:00,2006-01-29 11:28:00,0.9302300255418482
734,2006-01-30 05:55:00,2006-01-30 06:55:00,0.9134593403523685
735,2006-01-31 21:58:00,2006-01-31 22:58:00,0.9502903226085737
736,2006-02-01 13:04:00,2006-02-01 14:04:00,0.9535692218528432
737,2006-02-03 06:08:00,2006-02-03 07:08:00,0.9718850449672993
738,2006-02-03 22:20:00,2006-02-03 23:20:00,0.9428852591849404
739,2006-02-05 17:02:00,2006-02-05 18:02:00,0.9882008144685748
740,2006-02-06 06:02:00,2006-02-06 07:02:00,0.9282749876348413
741,2006-02-08 00:52:00,2006-02-08 01:52:00,0.9254453152907098
742,2006-02-08 16:45:00,2006-02-08 17:45:00,0.9683726992216046
743,2006-02-10 10:31:00,2006-02-10 11:31:00,0.9784798799250531
744,2006-02-10 23:47:00,2006-02-11 00:47:00,0.9770248240804644
745,2006-02-12 17:46:00,2006-02-12 18:46:00,0.8420249136475297
746,2006-02-13 11:46:00,2006-02-13 12:46:00,0.9423856671106472
747,2006-02-15 04:17:00,2006-02-15 05:17:00,0.9845607288098371
748,2006-02-15 17:15:00,2006-02-15 18:15:00,0.9045760641108651
749,2006-02-17 13:00:00,2006-02-17 14:00:00,0.9388292556113578
750,2006-02-18 05:11:00,2006-02-18 06:11:00,0.956961708764658
751,2006-02-19 22:14:00,2006-02-19 23:14:00,0.9070318487499262
752,2006-02-20 12:51:00,2006-02-20 13:51:00,0.9158199622357298
753,2006-02-22 06:20:00,2006-02-22 07:20:00,0.9482310692848228
754,2006-02-23 00:31:00,2006-02-23 01:31:00,0.931838894861321
755,2006-02-24 16:16:00,2006-02-24 17:16:00,0.9253657857786106
756,2006-02-27 00:51:00,2006-02-27 01:51:00,0.9142224591001875
757,2006-02-27 16:47:00,2006-02-27 17:47:00,0.9750471105630314
758,2006-03-01 11:18:00,2006-03-01 12:18:00,0.9767766685836321
759,2006-03-02 02:19:00,2006-03-02 03:19:00,0.9533393190562638
760,2006-03-03 19:54:00,2006-03-03 20:54:00,0.9682777520412946
761,2006-03-04 11:10:00,2006-03-04 12:10:00,0.9826537131340208
762,2006-03-06 04:29:00,2006-03-06 05:29:00,0.9870212716268795
763,2006-03-06 16:09:00,2006-03-06 17:09:00,0.8335586036281253
764,2006-03-08 14:11:00,2006-03-08 15:11:00,0.9617262988311336
765,2006-03-09 04:21:00,2006-03-09 05:21:00,0.9638257730703187
766,2006-03-10 23:12:00,2006-03-11 00:12:00,0.8973564916036204
767,2006-03-11 13:26:00,2006-03-11 14:26:00,0.9699896975237773
768,2006-03-13 06:45:00,2006-03-13 07:45:00,0.9608624623637556
769,2006-03-13 23:35:00,2006-03-14 00:35:00,0.9320204712915033
770,2006-03-15 17:47:00,2006-03-15 18:47:00,0.940268196971183
771,2006-03-16 07:00:00,2006-03-16 08:00:00,0.9243067377723793
772,2006-03-18 02:02:00,2006-03-18 03:02:00,0.9982985670405109
773,2006-03-20 10:58:00,2006-03-20 11:58:00,0.9650997705121375
774,2006-03-21 03:22:00,2006-03-21 04:22:00,0.890513564971156
775,2006-03-22 19:25:00,2006-03-22 20:25:00,0.9301745539251381
776,2006-03-23 12:48:00,2006-03-23 13:48:00,0.8843920643877022
777,2006-03-25 03:57:00,2006-03-25 04:57:00,0.8838328226657733
778,2006-03-25 19:05:00,2006-03-25 20:05:00,0.9694266085406338
779,2006-03-27 14:48:00,2006-03-27 15:48:00,0.8973180560944066
780,2006-03-28 04:47:00,2006-03-28 05:47:00,0.9528607333048521
781,2006-03-29 22:54:00,2006-03-29 23:54:00,0.8989402799476325
782,2006-03-30 15:07:00,2006-03-30 16:07:00,0.9038294858502715
783,2006-04-01 06:54:00,2006-04-01 07:54:00,0.9592381436783833
784,2006-04-02 00:23:00,2006-04-02 01:23:00,0.9561282667313826
785,2006-04-03 17:50:00,2006-04-03 18:50:00,0.9471279040286731
786,2006-04-04 07:43:00,2006-04-04 08:43:00,0.9683690215755552
787,2006-04-06 02:31:00,2006-04-06 03:31:00,0.9981151854036417
788,2006-04-06 18:32:00,2006-04-06 19:32:00,0.934478041548934
789,2006-04-10 19:38:00,2006-04-10 20:38:00,0.9215030320533442
790,2006-04-11 12:41:00,2006-04-11 13:41:00,0.933219313432859
791,2006-04-13 05:36:00,2006-04-13 06:36:00,0.8748055498948403
792,2006-04-13 20:03:00,2006-04-13 21:03:00,0.8677740766003201
793,2006-04-15 15:04:00,2006-04-15 16:04:00,0.9457616487320298
794,2006-04-16 08:02:00,2006-04-16 09:02:00,0.8621403454282894
795,2006-04-17 21:57:00,2006-04-17 22:57:00,0.9318399421382775
796,2006-04-18 17:08:00,2006-04-18 18:08:00,0.9591609125772255
797,2006-04-20 07:49:00,2006-04-20 08:49:00,0.9871506447468735
798,2006-04-21 00:43:00,2006-04-21 01:43:00,0.7167487240980978
799,2006-04-22 16:45:00,2006-04-22 17:45:00,0.9810523566012583
800,2006-04-23 11:00:00,2006-04-23 12:00:00,0.8997413767107412
801,2006-04-25 00:03:00,2006-04-25 01:03:00,0.9362764937533969
802,2006-04-25 19:51:00,2006-04-25 20:51:00,0.8160877281020773
803,2006-04-28 02:15:00,2006-04-28 03:15:00,0.9618015189117124
804,2006-05-02 03:44:00,2006-05-02 04:44:00,0.9686953845135927
805,2006-05-02 22:02:00,2006-05-02 23:02:00,0.6584046343186098
806,2006-05-04 14:53:00,2006-05-04 15:53:00,0.9578408172205292
807,2006-05-05 07:07:00,2006-05-05 08:07:00,0.8899044920765359
808,2006-05-07 16:03:00,2006-05-07 17:03:00,0.8480084342458815
809,2006-05-09 04:06:00,2006-05-09 05:06:00,0.9657557256494145
810,2006-05-10 00:24:00,2006-05-10 01:24:00,0.7968149092746689
811,2006-05-11 17:21:00,2006-05-11 18:21:00,0.9275160303413704
812,2006-05-12 11:52:00,2006-05-12 12:52:00,0.9763722037058777
813,2006-05-14 01:03:00,2006-05-14 02:03:00,0.8665507893193212
814,2006-05-14 20:39:00,2006-05-14 21:39:00,0.8851908007509992
815,2006-05-16 07:56:00,2006-05-16 08:56:00,0.9485509036482139
816,2006-05-17 04:13:00,2006-05-17 05:13:00,0.833535881488764
817,2006-05-18 19:00:00,2006-05-18 20:00:00,0.9613330970221925
818,2006-05-21 01:46:00,2006-05-21 02:46:00,0.924601166018318
819,2006-05-23 10:43:00,2006-05-23 11:43:00,0.9759591342859232
820,2006-05-24 07:03:00,2006-05-24 08:03:00,0.7498289442969424
821,2006-05-25 21:49:00,2006-05-25 22:49:00,0.9682895012528889
822,2006-05-26 21:07:00,2006-05-26 22:07:00,0.9676990412141971
823,2006-05-28 07:43:00,2006-05-28 08:43:00,0.8489955528611355
824,2006-05-29 08:41:00,2006-05-29 09:41:00,0.9639905160362046
825,2006-05-29 09:50:00,2006-05-29 10:50:00,0.9744514800473708
826,2006-05-29 12:33:00,2006-05-29 13:33:00,0.9734055759784715
827,2006-05-31 12:08:00,2006-05-31 13:08:00,0.8868012024454967
828,2006-06-02 01:23:00,2006-06-02 02:23:00,0.9465607690576426
829,2006-06-03 00:11:00,2006-06-03 01:11:00,0.8180988207734933
830,2006-06-04 06:13:00,2006-06-04 07:13:00,0.8913505180952244
831,2006-06-05 07:48:00,2006-06-05 08:48:00,0.8142124172749569
832,2006-06-07 16:43:00,2006-06-07 17:43:00,0.8679498083982564
833,2006-06-09 00:17:00,2006-06-09 01:17:00,0.914938715952303
834,2006-06-10 04:44:00,2006-06-10 05:44:00,0.961410315117864
835,2006-06-11 11:10:00,2006-06-11 12:10:00,0.8661519640492173
836,2006-06-12 22:12:00,2006-06-12 23:12:00,0.9157313774364033
837,2006-06-13 01:51:00,2006-06-13 02:51:00,0.9765802775054461
838,2006-06-13 02:54:00,2006-06-13 03:54:00,0.9049923140414902
839,2006-06-13 14:32:00,2006-06-13 15:32:00,0.9181191957381685
840,2006-06-13 17:31:00,2006-06-13 18:31:00,0.8359125482605075
841,2006-06-13 20:04:00,2006-06-13 21:04:00,0.9134173522622628
842,2006-06-17 19:36:00,2006-06-17 20:36:00,0.963608381750135
843,2006-06-18 04:11:00,2006-06-18 05:11:00,0.9786391496415437
844,2006-06-18 05:27:00,2006-06-18 06:27:00,0.9556562663445223
845,2006-06-18 09:48:00,2006-06-18 10:48:00,0.9294759220096015
846,2006-06-20 07:37:00,2006-06-20 08:37:00,0.9717091025874247
847,2006-06-20 10:20:00,2006-06-20 11:20:00,0.9373430823417921
848,2006-06-20 13:31:00,2006-06-20 14:31:00,0.9422140075030428
849,2006-06-23 04:26:00,2006-06-23 05:26:00,0.8003484525634647
850,2006-06-24 11:19:00,2006-06-24 12:19:00,0.84249991200805
851,2006-06-25 03:50:00,2006-06-25 04:50:00,0.9182348718421878
852,2006-06-25 08:12:00,2006-06-25 09:12:00,0.9571572779616395
853,2006-06-25 10:45:00,2006-06-25 11:45:00,0.9255218739404211
854,2006-06-27 01:58:00,2006-06-27 02:58:00,0.9301579046522739
855,2006-06-29 14:53:00,2006-06-29 15:53:00,0.983845063431776
856,2006-06-29 16:57:00,2006-06-29 17:57:00,0.9581907467583901
857,2006-06-29 22:27:00,2006-06-29 23:27:00,0.9136856624427332
858,2006-06-30 03:24:00,2006-06-30 04:24:00,0.9395344588113806
859,2006-07-04 10:17:00,2006-07-04 11:17:00,0.8633932207192484
860,2006-07-04 12:53:00,2006-07-04 13:53:00,0.9461214465166378
861,2006-10-19 22:19:00,2006-10-19 23:19:00,0.7435696631044495
862,2006-10-20 00:48:00,2006-10-20 01:48:00,0.9204571810641928
863,2006-10-20 03:23:00,2006-10-20 04:23:00,0.9765743830199592
864,2006-10-20 19:10:00,2006-10-20 20:10:00,0.7894918206302498
865,2006-10-24 19:28:00,2006-10-24 20:28:00,0.9803765229797833
866,2006-10-24 21:50:00,2006-10-24 22:50:00,0.9974999231602117
867,2006-10-27 02:01:00,2006-10-27 03:01:00,0.9916438802642314
868,2006-10-27 21:17:00,2006-10-27 22:17:00,0.6968257594930396
869,2006-10-29 17:30:00,2006-10-29 18:30:00,0.9380631640682752
870,2006-10-29 21:54:00,2006-10-29 22:54:00,0.8530377994435959
871,2006-10-31 16:45:00,2006-10-31 17:45:00,0.8445563199022291
872,2006-10-31 21:11:00,2006-10-31 22:11:00,0.9363229034990257
873,2006-11-03 04:40:00,2006-11-03 05:40:00,0.6905662517432117
874,2006-11-03 08:06:00,2006-11-03 09:06:00,0.6763435149595872
875,2006-11-03 22:56:00,2006-11-03 23:56:00,0.9570527501190521
876,2006-11-05 12:48:00,2006-11-05 13:48:00,0.984637397960432
877,2006-11-05 21:37:00,2006-11-05 22:37:00,0.8406885432813124
878,2006-11-07 23:22:00,2006-11-08 00:22:00,0.964420144003521
879,2006-11-08 03:30:00,2006-11-08 04:30:00,0.9896626079155599
880,2006-11-08 06:44:00,2006-11-08 07:44:00,0.9896449038892215
881,2006-11-08 08:05:00,2006-11-08 09:05:00,0.9658969041334847
882,2006-11-08 14:28:00,2006-11-08 15:28:00,0.9858730135086469
883,2006-11-08 16:54:00,2006-11-08 17:54:00,0.747277717134759
884,2006-11-10 23:54:00,2006-11-11 00:54:00,0.9027426492883718
885,2006-11-12 11:32:00,2006-11-12 12:32:00,0.9665950093241926
886,2006-11-12 12:32:00,2006-11-12 13:32:00,0.9166148551755978
887,2006-11-12 15:26:00,2006-11-12 16:26:00,0.927533894347134
888,2006-11-12 21:03:00,2006-11-12 22:03:00,0.9534468796852428
889,2006-11-14 13:52:00,2006-11-14 14:52:00,0.9211231716635961
890,2006-11-15 20:20:00,2006-11-15 21:20:00,0.8728465425303406
891,2006-11-17 09:29:00,2006-11-17 10:29:00,0.9807569048445333
892,2006-11-17 11:03:00,2006-11-17 12:03:00,0.9047096617867343
893,2006-11-17 19:53:00,2006-11-17 20:53:00,0.9340985505557355
894,2006-11-19 11:19:00,2006-11-19 12:19:00,0.9726040824248913
895,2006-11-19 12:57:00,2006-11-19 13:57:00,0.9532591875178196
896,2006-11-19 20:22:00,2006-11-19 21:22:00,0.9963642061027158
897,2006-11-19 22:22:00,2006-11-19 23:22:00,0.9800047784833316
898,2006-11-20 00:18:00,2006-11-20 01:18:00,0.9660439044487763
899,2006-11-21 18:37:00,2006-11-21 19:37:00,0.8734941695926474
900,2006-11-22 23:07:00,2006-11-23 00:07:00,0.9097954475358623
901,2006-11-25 05:03:00,2006-11-25 06:03:00,0.8837017260847182
902,2006-11-26 08:25:00,2006-11-26 09:25:00,0.9352142310440626
903,2006-11-27 17:13:00,2006-11-27 18:13:00,0.8065791057847923
904,2006-11-28 14:57:00,2006-11-28 15:57:00,0.942866565322197
905,2006-11-28 18:00:00,2006-11-28 19:00:00,0.9710769434926059
906,2006-11-30 00:59:00,2006-11-30 01:59:00,0.64264722612222
907,2006-12-03 11:04:00,2006-12-03 12:04:00,0.8413311652648612
908,2006-12-04 18:54:00,2006-12-04 19:54:00,0.8561528141831993
909,2006-12-05 14:50:00,2006-12-05 15:50:00,0.9369141898069152
910,2006-12-07 04:37:00,2006-12-07 05:37:00,0.8687665964799208
911,2006-12-09 14:40:00,2006-12-09 15:40:00,0.6852489595181113
912,2006-12-10 10:08:00,2006-12-10 11:08:00,0.9141577871253401
913,2006-12-11 22:59:00,2006-12-11 23:59:00,0.9119193067586759
914,2006-12-12 19:29:00,2006-12-12 20:29:00,0.935545122036867
915,2006-12-12 21:23:00,2006-12-12 22:23:00,0.9481381418308964
916,2006-12-14 05:41:00,2006-12-14 06:41:00,0.9534865352379707
917,2006-12-15 06:36:00,2006-12-15 07:36:00,0.9008392236341004
918,2006-12-15 08:27:00,2006-12-15 09:27:00,0.9594760609724721
919,2006-12-16 18:59:00,2006-12-16 19:59:00,0.9907922199488183
920,2006-12-17 16:07:00,2006-12-17 17:07:00,0.9731704929853885
921,2006-12-19 03:30:00,2006-12-19 04:30:00,0.8635447571884535
922,2006-12-19 20:07:00,2006-12-19 21:07:00,0.9168319205309676
923,2006-12-21 12:04:00,2006-12-21 13:04:00,0.9130474451963632
924,2006-12-22 05:33:00,2006-12-22 06:33:00,0.9165041121395603
925,2006-12-23 21:01:00,2006-12-23 22:01:00,0.9703124854905972
926,2006-12-24 14:26:00,2006-12-24 15:26:00,0.9527325255653044
927,2006-12-24 15:58:00,2006-12-24 16:58:00,0.9562024789451209
928,2006-12-26 04:44:00,2006-12-26 05:44:00,0.8938525296519025
929,2006-12-27 04:15:00,2006-12-27 05:15:00,0.984649891940307
930,2006-12-28 16:35:00,2006-12-28 17:35:00,0.9415039202865301
931,2006-12-29 07:44:00,2006-12-29 08:44:00,0.9115484249839878
932,2006-12-31 00:09:00,2006-12-31 01:09:00,0.8334342827434505
933,2006-12-31 16:25:00,2006-12-31 17:25:00,0.8618878164795976
934,2007-01-02 10:58:00,2007-01-02 11:58:00,0.9012650786984872
935,2007-01-03 00:22:00,2007-01-03 01:22:00,0.9241913985334008
936,2007-01-04 19:00:00,2007-01-04 20:00:00,0.9402111903744654
937,2007-01-05 10:34:00,2007-01-05 11:34:00,0.8900604279680333
938,2007-01-07 01:42:00,2007-01-07 02:42:00,0.8922352671239764
939,2007-01-07 21:54:00,2007-01-07 22:54:00,0.9715438281494587
940,2007-01-09 13:45:00,2007-01-09 14:45:00,0.8711743596267322
941,2007-01-10 04:37:00,2007-01-10 05:37:00,0.9395835853371761
942,2007-01-14 04:49:00,2007-01-14 05:49:00,0.844196292333561
943,2007-01-14 20:44:00,2007-01-14 21:44:00,0.8699205498510273
944,2007-01-16 17:48:00,2007-01-16 18:48:00,0.9486276563999964
945,2007-01-17 06:26:00,2007-01-17 07:26:00,0.9527893536014659
946,2007-01-19 01:19:00,2007-01-19 02:19:00,0.8712955133820098
947,2007-01-21 10:10:00,2007-01-21 11:10:00,0.8837588004938022
948,2007-01-22 02:14:00,2007-01-22 03:14:00,0.9562648058193495
949,2007-01-23 18:44:00,2007-01-23 19:44:00,0.7402490227118081
950,2007-01-24 11:34:00,2007-01-24 12:34:00,0.9096262829253837
951,2007-01-26 04:26:00,2007-01-26 05:26:00,0.8728225774163858
952,2007-01-26 19:02:00,2007-01-26 20:02:00,0.9514580271425019
953,2007-01-28 14:46:00,2007-01-28 15:46:00,0.9889365923393538
954,2007-01-29 01:34:00,2007-01-29 02:34:00,0.9776602552002959
955,2007-01-30 22:52:00,2007-01-30 23:52:00,0.9773790067784773
956,2007-01-31 13:00:00,2007-01-31 14:00:00,0.9553613245008019
957,2007-02-02 07:14:00,2007-02-02 08:14:00,0.9676763468495732
958,2007-02-02 23:18:00,2007-02-03 00:18:00,0.891242275867567
959,2007-02-04 16:40:00,2007-02-04 17:40:00,0.738956899219505
960,2007-02-05 06:44:00,2007-02-05 07:44:00,0.9702652484688762
961,2007-02-07 01:44:00,2007-02-07 02:44:00,0.8768931849949577
962,2007-02-10 03:29:00,2007-02-10 04:29:00,0.8255253490282645
963,2007-02-10 05:26:00,2007-02-10 06:26:00,0.9003083735960464
964,2007-02-11 18:42:00,2007-02-11 19:42:00,0.8353083059948192
965,2007-02-12 09:40:00,2007-02-12 10:40:00,0.9621942810654104
966,2007-02-14 05:39:00,2007-02-14 06:39:00,0.9795689732372197
967,2007-02-14 17:42:00,2007-02-14 18:42:00,0.9306373716190177
968,2007-02-16 14:23:00,2007-02-16 15:23:00,0.907745569825398
969,2007-02-17 04:39:00,2007-02-17 05:39:00,0.8866295668780231
970,2007-02-18 22:53:00,2007-02-18 23:53:00,0.8651750988525319
971,2007-02-19 13:45:00,2007-02-19 14:45:00,0.9744480160912189
972,2007-02-21 08:17:00,2007-02-21 09:17:00,0.9361763726880247
973,2007-02-21 23:50:00,2007-02-22 00:50:00,0.9155198164446001
974,2007-02-23 18:35:00,2007-02-23 19:35:00,0.9299127470154409
975,2007-02-24 07:56:00,2007-02-24 08:56:00,0.8962775552794451
976,2007-02-26 02:04:00,2007-02-26 03:04:00,0.9670278288099
977,2007-02-26 18:04:00,2007-02-26 19:04:00,0.8736174143524761
978,2007-02-28 12:08:00,2007-02-28 13:08:00,0.9499027238637876
979,2007-03-01 01:48:00,2007-03-01 02:48:00,0.9584046963961451
980,2007-03-02 21:19:00,2007-03-02 22:19:00,0.9083837353991643
981,2007-03-03 11:46:00,2007-03-03 12:46:00,0.9058733106378584
982,2007-03-05 06:12:00,2007-03-05 07:12:00,0.9367005902087207
983,2007-03-05 18:31:00,2007-03-05 19:31:00,0.9608745187241423
984,2007-03-07 14:59:00,2007-03-07 15:59:00,0.9035805129011594
985,2007-03-08 06:02:00,2007-03-08 07:02:00,0.7061081378954932
986,2007-03-09 23:22:00,2007-03-10 00:22:00,0.8676032704396363
987,2007-03-10 13:50:00,2007-03-10 14:50:00,0.9565832753017414
988,2007-03-12 21:41:00,2007-03-12 22:41:00,0.9784194051162717
989,2007-03-19 11:32:00,2007-03-19 12:32:00,0.8874401911456933
990,2007-03-20 03:21:00,2007-03-20 04:21:00,0.6862947020284091
991,2007-03-21 21:41:00,2007-03-21 22:41:00,0.9860196844767064
992,2007-03-22 11:15:00,2007-03-22 12:15:00,0.9292259311166411
993,2007-03-24 05:46:00,2007-03-24 06:46:00,0.9161046139233445
994,2007-03-24 19:44:00,2007-03-24 20:44:00,0.9343467971284265
995,2007-03-26 16:27:00,2007-03-26 17:27:00,0.9042162948714227
996,2007-03-27 04:34:00,2007-03-27 05:34:00,0.9837374629786089
997,2007-03-28 23:31:00,2007-03-29 00:31:00,0.9253737762513501
998,2007-03-29 15:15:00,2007-03-29 16:15:00,0.9540520391957651
999,2007-03-31 10:26:00,2007-03-31 11:26:00,0.8949414727539748
1000,2007-04-02 18:48:00,2007-04-02 19:48:00,0.9256273992707825
1001,2007-04-03 08:45:00,2007-04-03 09:45:00,0.9091269140836881
1002,2007-04-05 02:35:00,2007-04-05 03:35:00,0.9081297393570565
1003,2007-04-05 18:10:00,2007-04-05 19:10:00,0.8770966054852992
1004,2007-04-07 11:23:00,2007-04-07 12:23:00,0.8868978115566019
1005,2007-04-08 03:05:00,2007-04-08 04:05:00,0.7556382344677662
1006,2007-04-09 20:12:00,2007-04-09 21:12:00,0.8828392261190483
1007,2007-04-10 10:50:00,2007-04-10 11:50:00,0.9789413004171128
1008,2007-04-12 06:16:00,2007-04-12 07:16:00,0.989272882849164
1009,2007-04-12 21:25:00,2007-04-12 22:25:00,0.7485839545439391
1010,2007-04-14 14:33:00,2007-04-14 15:33:00,0.8619616262355868
1011,2007-04-15 05:55:00,2007-04-15 06:55:00,0.9308524867382238
1012,2007-04-16 23:55:00,2007-04-17 00:55:00,0.9926078728339695
1013,2007-04-17 15:09:00,2007-04-17 16:09:00,0.9312437239857535
1014,2007-04-19 09:56:00,2007-04-19 10:56:00,0.8586300581203525
1015,2007-04-19 23:47:00,2007-04-20 00:47:00,0.7767804590800697
1016,2007-04-21 19:27:00,2007-04-21 20:27:00,0.8973582206098529
1017,2007-04-22 08:09:00,2007-04-22 09:09:00,0.9613156351562051
1018,2007-04-24 03:18:00,2007-04-24 04:18:00,0.9630070682328999
1019,2007-04-24 17:42:00,2007-04-24 18:42:00,0.8150434378986152
1020,2007-04-26 12:27:00,2007-04-26 13:27:00,0.9201223263619811
1021,2007-04-27 03:13:00,2007-04-27 04:13:00,0.7101607746228922
1022,2007-04-28 22:10:00,2007-04-28 23:10:00,0.9041345715499309
1023,2007-04-29 12:13:00,2007-04-29 13:13:00,0.937421781883042
1024,2007-05-01 05:42:00,2007-05-01 06:42:00,0.9286409872136961
1025,2007-05-01 20:59:00,2007-05-01 21:59:00,0.7831713190931268
1026,2007-05-03 16:12:00,2007-05-03 17:12:00,0.841109586958895
1027,2007-05-04 06:44:00,2007-05-04 07:44:00,0.7113727100674936
1028,2007-05-05 23:58:00,2007-05-06 00:58:00,0.845092769339412
1029,2007-05-08 09:54:00,2007-05-08 10:54:00,0.9754941775477401
1030,2007-05-08 23:40:00,2007-05-09 00:40:00,0.7751316689361859
1031,2007-05-10 18:59:00,2007-05-10 19:59:00,0.8742381775389142
1032,2007-05-11 09:26:00,2007-05-11 10:26:00,0.7954805060038472
1033,2007-05-13 02:53:00,2007-05-13 03:53:00,0.7879371279027743
1034,2007-05-16 03:00:00,2007-05-16 04:00:00,0.7653718309288166
1035,2007-05-17 21:12:00,2007-05-17 22:12:00,0.7577561429101165
1036,2007-05-18 10:21:00,2007-05-18 11:21:00,0.9619938429661415
1037,2007-05-20 04:00:00,2007-05-20 05:00:00,0.9341446436178273
1038,2007-05-20 20:25:00,2007-05-20 21:25:00,0.9848300448642506
1039,2007-05-21 00:37:00,2007-05-21 01:37:00,0.80158773862038
1040,2007-05-21 03:02:00,2007-05-21 04:02:00,0.9431345387149886
1041,2007-05-23 05:52:00,2007-05-23 06:52:00,0.9064019830303397
1042,2007-05-28 05:36:00,2007-05-28 06:36:00,0.864937690823361
1043,2007-05-28 06:40:00,2007-05-28 07:40:00,0.8849966629937991
1044,2007-05-28 09:31:00,2007-05-28 10:31:00,0.9336456557477523
1045,2007-05-28 12:24:00,2007-05-28 13:24:00,0.9672359751217221
1046,2007-05-29 14:05:00,2007-05-29 15:05:00,0.944596301783621
1047,2007-05-30 09:21:00,2007-05-30 10:21:00,0.8733328997111185
1048,2007-05-30 11:08:00,2007-05-30 12:08:00,0.7544041234948979
1049,2007-05-30 15:33:00,2007-05-30 16:33:00,0.9673312683598096
1050,2007-06-01 17:47:00,2007-06-01 18:47:00,0.813668867139717
1051,2007-06-03 07:38:00,2007-06-03 08:38:00,0.9859660319371242
1052,2007-06-05 15:16:00,2007-06-05 16:16:00,0.9664021163040438
1053,2007-06-05 17:17:00,2007-06-05 18:17:00,0.9262326178718383
1054,2007-06-06 20:14:00,2007-06-06 21:14:00,0.9707316340643206
1055,2007-06-08 21:38:00,2007-06-08 22:38:00,0.7906543860363179
1056,2007-06-09 00:32:00,2007-06-09 01:32:00,0.8239118588907496
1057,2007-06-09 02:08:00,2007-06-09 03:08:00,0.8179886623278071
1058,2007-06-10 13:47:00,2007-06-10 14:47:00,0.8253447002175138
1059,2007-06-11 19:31:00,2007-06-11 20:31:00,0.9785227395034408
1060,2007-06-11 23:53:00,2007-06-12 00:53:00,0.9963894482115819
1061,2007-06-12 06:53:00,2007-06-12 07:53:00,0.9630948166785188
1062,2007-06-12 18:21:00,2007-06-12 19:21:00,0.7292172491173334
1063,2007-06-12 20:03:00,2007-06-12 21:03:00,0.7439475370586767
1064,2007-06-13 21:40:00,2007-06-13 22:40:00,0.8885273305066619
1065,2007-06-15 04:23:00,2007-06-15 05:23:00,0.9638172561526699
1066,2007-06-17 08:45:00,2007-06-17 09:45:00,0.9770971972573164
1067,2007-06-18 16:56:00,2007-06-18 17:56:00,0.8925443770386703
1068,2007-06-18 19:51:00,2007-06-18 20:51:00,0.9796719481280164
1069,2007-06-19 11:04:00,2007-06-19 12:04:00,0.991994985978381
1070,2007-06-19 12:04:00,2007-06-19 13:04:00,0.9755791041437276
1071,2007-06-19 15:07:00,2007-06-19 16:07:00,0.9537824297530639
1072,2007-06-19 20:06:00,2007-06-19 21:06:00,0.900670881321913
1073,2007-06-23 17:14:00,2007-06-23 18:14:00,0.9703321576607421
1074,2007-06-23 23:01:00,2007-06-24 00:01:00,0.9807232834979221
1075,2007-06-24 09:26:00,2007-06-24 10:26:00,0.9284692795436645
1076,2007-06-24 15:36:00,2007-06-24 16:36:00,0.7826595456077806
1077,2007-06-24 16:44:00,2007-06-24 17:44:00,0.8419555806925505
1078,2007-06-26 00:19:00,2007-06-26 01:19:00,0.8395841919185136
1079,2007-06-26 02:50:00,2007-06-26 03:50:00,0.8673275666533342
1080,2007-06-26 06:27:00,2007-06-26 07:27:00,0.9385648104260186
1081,2007-06-26 07:45:00,2007-06-26 08:45:00,0.9518116855530095
1082,2007-06-26 13:08:00,2007-06-26 14:08:00,0.9643823289429339
1083,2007-06-26 14:20:00,2007-06-26 15:20:00,0.9571877535176146
1084,2007-06-26 16:04:00,2007-06-26 17:04:00,0.9475681415153562
1085,2007-06-26 18:31:00,2007-06-26 19:31:00,0.8605489580565878
1086,2007-06-26 22:45:00,2007-06-26 23:45:00,0.9135786022130534
1087,2007-06-27 00:18:00,2007-06-27 01:18:00,0.8556637919031276
1088,2007-06-29 05:13:00,2007-06-29 06:13:00,0.8698125399588738
1089,2007-07-01 02:25:00,2007-07-01 03:25:00,0.9215240685487298
1090,2007-07-01 03:35:00,2007-07-01 04:35:00,0.9086563232320064
1091,2007-07-03 08:10:00,2007-07-03 09:10:00,0.9739203067057478
1092,2007-07-03 12:01:00,2007-07-03 13:01:00,0.9092264679290417
1093,2007-07-03 13:27:00,2007-07-03 14:27:00,0.9685377877340495
1094,2007-07-03 16:30:00,2007-07-03 17:30:00,0.9354105396040169
1095,2007-07-03 18:20:00,2007-07-03 19:20:00,0.9718001921275929
1096,2007-07-03 23:18:00,2007-07-04 00:18:00,0.9513579076472507
1097,2007-07-05 22:33:00,2007-07-05 23:33:00,0.8347331885884213
1098,2007-07-06 02:16:00,2007-07-06 03:16:00,0.9043326986948745
1099,2007-07-06 04:22:00,2007-07-06 05:22:00,0.9013776912435464
1100,2007-10-26 12:22:00,2007-10-26 13:22:00,0.9602344394542844
1101,2007-10-28 15:57:00,2007-10-28 16:57:00,0.8871969751758584
1102,2007-10-28 17:40:00,2007-10-28 18:40:00,0.931322660520561
1103,2007-10-28 19:22:00,2007-10-28 20:22:00,0.9635896309473595
1104,2007-10-28 20:39:00,2007-10-28 21:39:00,0.8032486258881902
1105,2007-10-30 19:52:00,2007-10-30 20:52:00,0.9096521062448418
1106,2007-10-30 21:39:00,2007-10-30 22:39:00,0.9224167983104049
1107,2007-11-01 21:36:00,2007-11-01 22:36:00,0.7859700716339313
1108,2007-11-01 23:47:00,2007-11-02 00:47:00,0.8190391581284511
1109,2007-11-02 05:08:00,2007-11-02 06:08:00,0.8981022626916751
1110,2007-11-02 09:08:00,2007-11-02 10:08:00,0.7855176848266076
1111,2007-11-02 11:59:00,2007-11-02 12:59:00,0.9828503240478995
1112,2007-11-02 15:12:00,2007-11-02 16:12:00,0.9896384386439315
1113,2007-11-02 19:33:00,2007-11-02 20:33:00,0.7365245803025854
1114,2007-11-06 22:10:00,2007-11-06 23:10:00,0.9031332146102735
1115,2007-11-07 00:16:00,2007-11-07 01:16:00,0.8870239710249299
1116,2007-11-07 03:10:00,2007-11-07 04:10:00,0.6333962841582876
1117,2007-11-07 09:28:00,2007-11-07 10:28:00,0.9731280954396008
1118,2007-11-07 11:40:00,2007-11-07 12:40:00,0.90631580296985
1119,2007-11-09 00:08:00,2007-11-09 01:08:00,0.9950163863136567
1120,2007-11-09 23:27:00,2007-11-10 00:27:00,0.9535002335640962
1121,2007-11-11 11:16:00,2007-11-11 12:16:00,0.9324040728939573
1122,2007-11-11 17:26:00,2007-11-11 18:26:00,0.9671400692469563
1123,2007-11-11 19:54:00,2007-11-11 20:54:00,0.9068302570645906
1124,2007-11-11 21:05:00,2007-11-11 22:05:00,0.8323245623726674
1125,2007-11-11 23:00:00,2007-11-12 00:00:00,0.9623702230315324
1126,2007-11-12 00:05:00,2007-11-12 01:05:00,0.9519007811013374
1127,2007-11-13 14:07:00,2007-11-13 15:07:00,0.9134835616583379
1128,2007-11-14 17:17:00,2007-11-14 18:17:00,0.9932372108882638
1129,2007-11-15 22:27:00,2007-11-15 23:27:00,0.9739790666096566
1130,2007-11-20 12:11:00,2007-11-20 13:11:00,0.9975280679208565
1131,2007-11-20 14:13:00,2007-11-20 15:13:00,0.9326447118039954
1132,2007-11-21 17:23:00,2007-11-21 18:23:00,0.9866645309566878
1133,2007-11-23 03:35:00,2007-11-23 04:35:00,0.9151861981676643
1134,2007-11-25 07:43:00,2007-11-25 08:43:00,0.9659094874299491
1135,2007-11-26 17:28:00,2007-11-26 18:28:00,0.7825622268161914
1136,2007-11-27 15:29:00,2007-11-27 16:29:00,0.8703083245022295
1137,2007-12-03 21:25:00,2007-12-03 22:25:00,0.7532431393248902
1138,2007-12-06 03:41:00,2007-12-06 04:41:00,0.7948398897935354
1139,2007-12-07 06:13:00,2007-12-07 07:13:00,0.9749690037456122
1140,2007-12-08 17:46:00,2007-12-08 18:46:00,0.8158618114160844
1141,2007-12-11 01:31:00,2007-12-11 02:31:00,0.8673924273423265
1142,2007-12-11 17:36:00,2007-12-11 18:36:00,0.9490524712479915
1143,2007-12-13 08:10:00,2007-12-13 09:10:00,0.865248777312025
1144,2007-12-15 17:24:00,2007-12-15 18:24:00,0.8513005012128487
1145,2007-12-15 18:41:00,2007-12-15 19:41:00,0.8371296445093345
1146,2007-12-16 13:49:00,2007-12-16 14:49:00,0.9674314466955583
1147,2007-12-18 03:14:00,2007-12-18 04:14:00,0.8672224840048718
1148,2007-12-18 20:43:00,2007-12-18 21:43:00,0.9735671665905898
1149,2007-12-20 14:48:00,2007-12-20 15:48:00,0.8756787114461636
1150,2007-12-21 05:57:00,2007-12-21 06:57:00,0.9640885418734793
1151,2007-12-22 22:18:00,2007-12-22 23:18:00,0.9363727602266119
1152,2008-01-03 20:17:00,2008-01-03 21:17:00,0.8138270032058484
1153,2008-01-04 11:40:00,2008-01-04 12:40:00,0.9567985436562398
1154,2008-01-06 05:14:00,2008-01-06 06:14:00,0.9213376069063123
1155,2008-01-06 19:52:00,2008-01-06 20:52:00,0.9034245028000377
1156,2008-01-08 13:43:00,2008-01-08 14:43:00,0.8642990637698407
1157,2008-01-09 06:23:00,2008-01-09 07:23:00,0.9801303583837057
1158,2008-01-10 22:04:00,2008-01-10 23:04:00,0.8195547691731032
1159,2008-01-11 13:41:00,2008-01-11 14:41:00,0.7724640149473581
1160,2008-01-11 15:16:00,2008-01-11 16:16:00,0.8884976224011609
1161,2008-01-13 08:01:00,2008-01-13 09:01:00,0.8951688719874314
1162,2008-01-13 22:10:00,2008-01-13 23:10:00,0.9565586532327969
1163,2008-01-15 17:49:00,2008-01-15 18:49:00,0.8129787629276534
1164,2008-01-16 06:50:00,2008-01-16 07:50:00,0.925526171006024
1165,2008-01-18 01:59:00,2008-01-18 02:59:00,0.8836242640012538
1166,2008-01-18 16:30:00,2008-01-18 17:30:00,0.8218740763159633
1167,2008-01-20 11:44:00,2008-01-20 12:44:00,0.9335507457844244
1168,2008-01-21 02:24:00,2008-01-21 03:24:00,0.9654219436672339
1169,2008-01-22 19:49:00,2008-01-22 20:49:00,0.7064981456694598
1170,2008-01-23 10:56:00,2008-01-23 11:56:00,0.7590383534019285
1171,2008-01-25 05:43:00,2008-01-25 06:43:00,0.9198447063556754
1172,2008-01-25 18:22:00,2008-01-25 19:22:00,0.825826837992908
1173,2008-01-27 15:45:00,2008-01-27 16:45:00,0.970389813278419
1174,2008-01-28 06:03:00,2008-01-28 07:03:00,0.8731442713272514
1175,2008-01-30 13:06:00,2008-01-30 14:06:00,0.7126008413990046
1176,2008-02-01 09:25:00,2008-02-01 10:25:00,0.8928043632911197
1177,2008-02-01 20:35:00,2008-02-01 21:35:00,0.9744210828681473
1178,2008-02-03 18:05:00,2008-02-03 19:05:00,0.9156185846511593
1179,2008-02-04 07:38:00,2008-02-04 08:38:00,0.683923268663794
1180,2008-02-06 02:14:00,2008-02-06 03:14:00,0.9884981906930611
1181,2008-02-06 15:51:00,2008-02-06 16:51:00,0.8890702070613584
1182,2008-02-08 12:55:00,2008-02-08 13:55:00,0.9830034375358586
1183,2008-02-09 02:41:00,2008-02-09 03:41:00,0.9287059353295272
1184,2008-02-10 21:37:00,2008-02-10 22:37:00,0.8585747022088261
1185,2008-02-11 09:14:00,2008-02-11 10:14:00,0.9280138511528335
1186,2008-02-13 06:14:00,2008-02-13 07:14:00,0.9671576245737667
1187,2008-02-13 19:06:00,2008-02-13 20:06:00,0.953299252675258
1188,2008-02-15 15:52:00,2008-02-15 16:52:00,0.9117956431024787
1189,2008-02-16 04:14:00,2008-02-16 05:14:00,0.9112893303439823
1190,2008-02-17 23:46:00,2008-02-18 00:46:00,0.9261692341259795
1191,2008-02-18 11:33:00,2008-02-18 12:33:00,0.9698018924226783
1192,2008-02-20 09:12:00,2008-02-20 10:12:00,0.910083003756472
1193,2008-02-20 22:36:00,2008-02-20 23:36:00,0.9069847332913954
1194,2008-02-22 18:54:00,2008-02-22 19:54:00,0.8469609562987512
1195,2008-02-23 07:41:00,2008-02-23 08:41:00,0.8632980122323226
1196,2008-02-25 03:29:00,2008-02-25 04:29:00,0.9623565716526415
1197,2008-02-25 17:04:00,2008-02-25 18:04:00,0.9083298385770818
1198,2008-02-27 12:51:00,2008-02-27 13:51:00,0.909949609152179
1199,2008-02-28 00:04:00,2008-02-28 01:04:00,0.9700162160498402
1200,2008-02-29 21:50:00,2008-02-29 22:50:00,0.9324631040022907
1201,2008-03-01 10:38:00,2008-03-01 11:38:00,0.7830653577007636
1202,2008-03-03 05:03:00,2008-03-03 06:03:00,0.9622628666845368
1203,2008-03-03 21:33:00,2008-03-03 22:33:00,0.7419981232578089
1204,2008-03-05 16:19:00,2008-03-05 17:19:00,0.9385850194360297
1205,2008-03-08 00:46:00,2008-03-08 01:46:00,0.9615868033054906
1206,2008-03-10 10:01:00,2008-03-10 11:01:00,0.8919153242627827
1207,2008-03-12 19:27:00,2008-03-12 20:27:00,0.9465207330567126
1208,2008-03-15 03:22:00,2008-03-15 04:22:00,0.9388087242553633
1209,2008-03-17 13:18:00,2008-03-17 14:18:00,0.920105675897916
1210,2008-03-19 21:38:00,2008-03-19 22:38:00,0.873396844964162
1211,2008-03-22 06:29:00,2008-03-22 07:29:00,0.9598945072663617
1212,2008-03-24 14:41:00,2008-03-24 15:41:00,0.9280568532805501
1213,2008-03-27 01:16:00,2008-03-27 02:16:00,0.9469367051598612
1214,2008-03-29 09:04:00,2008-03-29 10:04:00,0.8960605431223206
1215,2008-03-31 19:05:00,2008-03-31 20:05:00,0.7796981240068509
1216,2008-04-03 03:28:00,2008-04-03 04:28:00,0.9887812042105091
1217,2008-04-05 13:29:00,2008-04-05 14:29:00,0.9638485146489137
1218,2008-04-07 21:52:00,2008-04-07 22:52:00,0.98730677179868
1219,2008-04-10 06:34:00,2008-04-10 07:34:00,0.9590598521573956
1220,2008-04-12 15:46:00,2008-04-12 16:46:00,0.8307392788990073
1221,2008-04-14 23:35:00,2008-04-15 00:35:00,0.9791766379709769
1222,2008-04-27 12:02:00,2008-04-27 13:02:00,0.7742878054153521
1223,2008-04-29 05:49:00,2008-04-29 06:49:00,0.954714642884553
1224,2008-04-29 20:14:00,2008-04-29 21:14:00,0.8221240036219147
1225,2008-05-01 15:42:00,2008-05-01 16:42:00,0.8744295995327706
1226,2008-05-02 05:06:00,2008-05-02 06:06:00,0.7717114960767275
1227,2008-05-04 00:34:00,2008-05-04 01:34:00,0.9625981179478609
1228,2008-05-04 14:32:00,2008-05-04 15:32:00,0.8546385365393835
1229,2008-05-06 08:49:00,2008-05-06 09:49:00,0.9798358349197812
1230,2008-05-06 22:52:00,2008-05-06 23:52:00,0.7799898217833716
1231,2008-05-07 03:57:00,2008-05-07 04:57:00,0.9244988063400712
1232,2008-05-08 18:38:00,2008-05-08 19:38:00,0.9424505449892637
1233,2008-05-09 08:51:00,2008-05-09 09:51:00,0.7915430969568005
1234,2008-05-11 02:59:00,2008-05-11 03:59:00,0.9796442088768904
1235,2008-05-11 16:49:00,2008-05-11 17:49:00,0.8393598584556823
1236,2008-05-13 11:16:00,2008-05-13 12:16:00,0.9360920307115784
1237,2008-05-14 01:54:00,2008-05-14 02:54:00,0.8189946589635823
1238,2008-05-15 21:51:00,2008-05-15 22:51:00,0.9810513358857604
1239,2008-05-16 11:17:00,2008-05-16 12:17:00,0.7943743904536233
1240,2008-05-18 06:59:00,2008-05-18 07:59:00,0.770998061620973
1241,2008-05-18 19:42:00,2008-05-18 20:42:00,0.857290653186522
1242,2008-05-21 05:18:00,2008-05-21 06:18:00,0.758585287839469
1243,2008-05-22 22:29:00,2008-05-22 23:29:00,0.8740842687256166
1244,2008-05-23 00:12:00,2008-05-23 01:12:00,0.9325373194577821
1245,2008-05-23 14:25:00,2008-05-23 15:25:00,0.7993915042633817
1246,2008-05-25 06:55:00,2008-05-25 07:55:00,0.9711535216144696
1247,2008-05-25 22:54:00,2008-05-25 23:54:00,0.7432352352088566
1248,2008-05-26 03:39:00,2008-05-26 04:39:00,0.8781200483901589
1249,2008-05-26 04:43:00,2008-05-26 05:43:00,0.9589648393032261
1250,2008-05-27 16:44:00,2008-05-27 17:44:00,0.8981086382537635
1251,2008-05-28 08:39:00,2008-05-28 09:39:00,0.796626430029374
1252,2008-05-29 21:11:00,2008-05-29 22:11:00,0.9644617541114006
1253,2008-05-30 01:08:00,2008-05-30 02:08:00,0.985845881596965
1254,2008-06-01 09:31:00,2008-06-01 10:31:00,0.9543620502277118
1255,2008-06-02 02:15:00,2008-06-02 03:15:00,0.7992067751455357
1256,2008-06-02 06:44:00,2008-06-02 07:44:00,0.7802509320872829
1257,2008-06-02 09:10:00,2008-06-02 10:10:00,0.9680674380053266
1258,2008-06-03 19:19:00,2008-06-03 20:19:00,0.8934478018955735
1259,2008-06-04 11:31:00,2008-06-04 12:31:00,0.8272079202519157
1260,2008-06-04 14:29:00,2008-06-04 15:29:00,0.8324283200565374
1261,2008-06-04 17:33:00,2008-06-04 18:33:00,0.9568980870420277
1262,2008-06-06 00:54:00,2008-06-06 01:54:00,0.8497156760350415
1263,2008-06-06 02:51:00,2008-06-06 03:51:00,0.8081107576047318
1264,2008-06-06 04:15:00,2008-06-06 05:15:00,0.9162799015789936
1265,2008-06-08 09:21:00,2008-06-08 10:21:00,0.9464140671960876
1266,2008-06-08 11:23:00,2008-06-08 12:23:00,0.8691876627881093
1267,2008-06-08 13:08:00,2008-06-08 14:08:00,0.8486584223609132
1268,2008-06-09 05:37:00,2008-06-09 06:37:00,0.8237793586756327
1269,2008-06-09 08:20:00,2008-06-09 09:20:00,0.8256148370651115
1270,2008-06-09 13:53:00,2008-06-09 14:53:00,0.8908040870234425
1271,2008-06-09 15:26:00,2008-06-09 16:26:00,0.9658995830028735
1272,2008-06-10 20:11:00,2008-06-10 21:11:00,0.8728301626356182
1273,2008-06-13 05:23:00,2008-06-13 06:23:00,0.8277352315039339
1274,2008-06-14 02:17:00,2008-06-14 03:17:00,0.8180439126564469
1275,2008-06-14 06:26:00,2008-06-14 07:26:00,0.8618605222946325
1276,2008-06-15 13:46:00,2008-06-15 14:46:00,0.8983466043926709
1277,2008-06-17 14:40:00,2008-06-17 15:40:00,0.9605997690137112
1278,2008-06-17 20:20:00,2008-06-17 21:20:00,0.8911701770799552
1279,2008-06-20 06:51:00,2008-06-20 07:51:00,0.9454023341360932
1280,2008-06-21 05:24:00,2008-06-21 06:24:00,0.8106688988120981
1281,2008-06-21 12:59:00,2008-06-21 13:59:00,0.9684771855943463
1282,2008-06-21 19:52:00,2008-06-21 20:52:00,0.9088030105447279
1283,2008-06-21 22:15:00,2008-06-21 23:15:00,0.9843920951798829
1284,2008-06-22 02:37:00,2008-06-22 03:37:00,0.9830436851667466
1285,2008-06-24 02:05:00,2008-06-24 03:05:00,0.900064188276925
1286,2008-06-24 16:51:00,2008-06-24 17:51:00,0.949910995913968
1287,2008-06-27 02:41:00,2008-06-27 03:41:00,0.9405936075957838
1288,2008-06-27 04:16:00,2008-06-27 05:16:00,0.9616726685896777
1289,2008-06-28 08:16:00,2008-06-28 09:16:00,0.8201725183562418
1290,2008-06-28 17:21:00,2008-06-28 18:21:00,0.9562701693920578
1291,2008-06-28 22:57:00,2008-06-28 23:57:00,0.9457221704338988
1292,2008-06-29 03:21:00,2008-06-29 04:21:00,0.954910982136848
1293,2008-06-29 05:50:00,2008-06-29 06:50:00,0.9728286551128197
1294,2008-06-29 08:57:00,2008-06-29 09:57:00,0.9944512860546101
1295,2008-06-29 13:29:00,2008-06-29 14:29:00,0.9385295874925045
1296,2008-06-29 16:58:00,2008-06-29 17:58:00,0.9149356668024278
1297,2008-07-01 01:11:00,2008-07-01 02:11:00,0.9284785134344397
1298,2008-07-01 03:18:00,2008-07-01 04:18:00,0.8899341092294798
1299,2008-07-01 07:20:00,2008-07-01 08:20:00,0.9839362087229819
1300,2008-07-01 15:37:00,2008-07-01 16:37:00,0.9157068118067221
1301,2008-07-02 00:07:00,2008-07-02 01:07:00,0.9513598918049253
1302,2008-07-03 11:31:00,2008-07-03 12:31:00,0.9322653737333071
1303,2008-07-04 01:35:00,2008-07-04 02:35:00,0.7653917049872546
1304,2008-07-04 04:03:00,2008-07-04 05:03:00,0.7793197620979329
1305,2008-07-05 18:30:00,2008-07-05 19:30:00,0.9607509469480169
1306,2008-07-06 08:03:00,2008-07-06 09:03:00,0.9559509525794485
1307,2008-07-08 19:16:00,2008-07-08 20:16:00,0.8018937589709558
1308,2008-07-09 00:06:00,2008-07-09 01:06:00,0.8538449397611294
1309,2008-07-11 01:38:00,2008-07-11 02:38:00,0.9780338137383485
1310,2008-07-13 08:03:00,2008-07-13 09:03:00,0.9537318584659024
1311,2008-07-13 09:45:00,2008-07-13 10:45:00,0.9251964237159892
1312,2008-10-19 18:49:00,2008-10-19 19:49:00,0.6983014366984637
1313,2008-10-26 03:17:00,2008-10-26 04:17:00,0.8153601929123083
1314,2008-10-26 05:33:00,2008-10-26 06:33:00,0.8901287446096237
1315,2008-10-28 09:49:00,2008-10-28 10:49:00,0.9577852959473236
1316,2008-10-28 11:37:00,2008-10-28 12:37:00,0.9957645941614213
1317,2008-10-29 05:13:00,2008-10-29 06:13:00,0.8936849146444602
1318,2008-10-29 07:07:00,2008-10-29 08:07:00,0.9003527365169853
1319,2008-10-29 10:15:00,2008-10-29 11:15:00,0.9389443234616505
1320,2008-10-31 11:33:00,2008-10-31 12:33:00,0.9939612760327089
1321,2008-10-31 12:57:00,2008-10-31 13:57:00,0.9961451182446132
1322,2008-11-02 16:47:00,2008-11-02 17:47:00,0.966954100437267
1323,2008-11-02 18:24:00,2008-11-02 19:24:00,0.8628702546639294
1324,2008-11-06 18:18:00,2008-11-06 19:18:00,0.8308094574011446
1325,2008-11-07 23:26:00,2008-11-08 00:26:00,0.913312167296897
1326,2008-11-09 09:24:00,2008-11-09 10:24:00,0.9144803499263533
1327,2008-11-09 12:26:00,2008-11-09 13:26:00,0.9875325119025368
1328,2008-11-09 15:38:00,2008-11-09 16:38:00,0.9488568907425328
1329,2008-11-10 00:19:00,2008-11-10 01:19:00,0.8955999857046414
1330,2008-11-12 15:57:00,2008-11-12 16:57:00,0.8683278807012754
1331,2008-11-14 01:06:00,2008-11-14 02:06:00,0.9303989751918548
1332,2008-11-14 02:39:00,2008-11-14 03:39:00,0.9700133317897374
1333,2008-11-14 08:32:00,2008-11-14 09:32:00,0.9135603128905296
1334,2008-11-15 01:28:00,2008-11-15 02:28:00,0.8507696503307117
1335,2008-11-18 17:57:00,2008-11-18 18:57:00,0.9261743675676263
1336,2008-11-18 19:19:00,2008-11-18 20:19:00,0.9855912434523529
1337,2008-11-19 19:42:00,2008-11-19 20:42:00,0.9827043514650328
1338,2008-11-22 07:16:00,2008-11-22 08:16:00,0.9745636612398692
1339,2008-11-23 14:17:00,2008-11-23 15:17:00,0.94084552048502
1340,2008-11-23 15:26:00,2008-11-23 16:26:00,0.9947148424762352
1341,2008-11-24 17:50:00,2008-11-24 18:50:00,0.8205457308287376
1342,2008-11-25 17:48:00,2008-11-25 18:48:00,0.9222692903922737
1343,2008-11-27 02:03:00,2008-11-27 03:03:00,0.9190863658211975
1344,2008-11-29 10:02:00,2008-11-29 11:02:00,0.9502393005757558
1345,2008-11-30 14:07:00,2008-11-30 15:07:00,0.9476569327442776
1346,2008-12-01 21:08:00,2008-12-01 22:08:00,0.909749642421507
1347,2008-12-04 08:50:00,2008-12-04 09:50:00,0.8826875384258911
1348,2008-12-05 06:44:00,2008-12-05 07:44:00,0.8156529412527556
1349,2008-12-09 00:27:00,2008-12-09 01:27:00,0.8814245106757813
1350,2008-12-10 00:24:00,2008-12-10 01:24:00,0.970107999743719
1351,2008-12-13 20:11:00,2008-12-13 21:11:00,0.8245063557625735
1352,2008-12-14 18:11:00,2008-12-14 19:11:00,0.9634975072381442
1353,2008-12-16 05:44:00,2008-12-16 06:44:00,0.8221695059120109
1354,2008-12-16 21:34:00,2008-12-16 22:34:00,0.9802310839329329
1355,2008-12-17 04:22:00,2008-12-17 05:22:00,0.9932514184628441
1356,2008-12-18 17:32:00,2008-12-18 18:32:00,0.8245788526745914
1357,2008-12-19 08:11:00,2008-12-19 09:11:00,0.8885040373376987
1358,2008-12-21 00:31:00,2008-12-21 01:31:00,0.7648024662140153
1359,2008-12-21 20:17:00,2008-12-21 21:17:00,0.9673468854019356
1360,2008-12-23 12:12:00,2008-12-23 13:12:00,0.7807251751479559
1361,2008-12-24 01:29:00,2008-12-24 02:29:00,0.967092058103097
1362,2008-12-25 19:34:00,2008-12-25 20:34:00,0.8520671651555285
1363,2008-12-26 12:30:00,2008-12-26 13:30:00,0.9618029923361792
1364,2008-12-28 03:34:00,2008-12-28 04:34:00,0.9543822749161055
1365,2008-12-28 19:49:00,2008-12-28 20:49:00,0.9771548385425416
1366,2008-12-30 14:56:00,2008-12-30 15:56:00,0.9239408289286708
1367,2009-01-01 21:24:00,2009-01-01 22:24:00,0.802365133078068
1368,2009-01-02 12:53:00,2009-01-02 13:53:00,0.9157633955399613
1369,2009-01-04 07:07:00,2009-01-04 08:07:00,0.7320104532717853
1370,2009-01-04 22:59:00,2009-01-04 23:59:00,0.9697517041740814
1371,2009-01-06 16:26:00,2009-01-06 17:26:00,0.7258036656804329
1372,2009-01-07 07:01:00,2009-01-07 08:01:00,0.9484313096585691
1373,2009-01-09 02:29:00,2009-01-09 03:29:00,0.9035381858720103
1374,2009-01-09 15:08:00,2009-01-09 16:08:00,0.7192715455944383
1375,2009-01-11 12:20:00,2009-01-11 13:20:00,0.810687899423864
1376,2009-01-12 03:54:00,2009-01-12 04:54:00,0.9584653676919004
1377,2009-01-16 05:29:00,2009-01-16 06:29:00,0.9658770725493884
1378,2009-01-16 20:53:00,2009-01-16 21:53:00,0.9461920391124788
1379,2009-01-18 15:08:00,2009-01-18 16:08:00,0.8587964588760546
1380,2009-01-19 01:25:00,2009-01-19 02:25:00,0.9687559463325583
1381,2009-01-21 00:07:00,2009-01-21 01:07:00,0.9496439086194668
1382,2009-01-21 11:59:00,2009-01-21 12:59:00,0.8943663598182235
1383,2009-01-23 09:31:00,2009-01-23 10:31:00,0.8733733064262149
1384,2009-01-23 22:25:00,2009-01-23 23:25:00,0.9685445793837963
1385,2009-01-25 17:50:00,2009-01-25 18:50:00,0.9340825851323963
1386,2009-01-26 04:03:00,2009-01-26 05:03:00,0.9511893162907502
1387,2009-01-28 02:10:00,2009-01-28 03:10:00,0.7349783221239903
1388,2009-01-28 13:41:00,2009-01-28 14:41:00,0.6640243675350223
1389,2009-01-30 12:40:00,2009-01-30 13:40:00,0.8994489237007971
1390,2009-01-30 22:10:00,2009-01-30 23:10:00,0.9515681405059904
1391,2009-02-01 18:51:00,2009-02-01 19:51:00,0.9922955563198576
1392,2009-02-01 19:51:00,2009-02-01 20:51:00,0.8394227366937997
1393,2009-02-04 07:11:00,2009-02-04 08:11:00,0.9194766869329271
1394,2009-02-04 16:04:00,2009-02-04 17:04:00,0.9018628119482347
1395,2009-02-06 14:12:00,2009-02-06 15:12:00,0.8204513236198954
1396,2009-02-07 03:07:00,2009-02-07 04:07:00,0.9685316498335835
1397,2009-02-09 00:32:00,2009-02-09 01:32:00,0.8807848598564847
1398,2009-02-09 10:46:00,2009-02-09 11:46:00,0.6448267207595829
1399,2009-02-13 19:50:00,2009-02-13 20:50:00,0.8568607134148671
1400,2009-02-14 03:33:00,2009-02-14 04:33:00,0.987172520806669
1401,2009-02-16 02:46:00,2009-02-16 03:46:00,0.8528199961014699
1402,2009-02-16 14:13:00,2009-02-16 15:13:00,0.7015508346085205
1403,2009-02-18 12:48:00,2009-02-18 13:48:00,0.9555626791742828
1404,2009-02-19 00:25:00,2009-02-19 01:25:00,0.9599192640507975
1405,2009-02-20 22:49:00,2009-02-20 23:49:00,0.9657042972419125
1406,2009-02-21 08:16:00,2009-02-21 09:16:00,0.9160836927835706
1407,2009-02-23 06:48:00,2009-02-23 07:48:00,0.8367679123755498
1408,2009-02-23 17:22:00,2009-02-23 18:22:00,0.9127048030526903
1409,2009-02-25 15:18:00,2009-02-25 16:18:00,0.7737185152533015
1410,2009-02-26 02:49:00,2009-02-26 03:49:00,0.7399038527323727
1411,2009-02-28 01:02:00,2009-02-28 02:02:00,0.8855777077707933
1412,2009-02-28 11:06:00,2009-02-28 12:06:00,0.7166344952666821
1413,2009-03-02 07:29:00,2009-03-02 08:29:00,0.8692116040925664
1414,2009-03-02 21:52:00,2009-03-02 22:52:00,0.823354102787126
1415,2009-03-04 19:42:00,2009-03-04 20:42:00,0.8912128033820995
1416,2009-03-05 05:00:00,2009-03-05 06:00:00,0.7742846088045038
1417,2009-03-07 03:29:00,2009-03-07 04:29:00,0.8525459643165754
1418,2009-03-07 14:41:00,2009-03-07 15:41:00,0.750210821465582
1419,2009-03-09 11:32:00,2009-03-09 12:32:00,0.9479666433939328
1420,2009-03-10 00:00:00,2009-03-10 01:00:00,0.7481794336853599
1421,2009-03-11 23:12:00,2009-03-12 00:12:00,0.9567988255154469
1422,2009-03-12 08:03:00,2009-03-12 09:03:00,0.7335896172987254
1423,2009-03-14 07:10:00,2009-03-14 08:10:00,0.8761393582443374
1424,2009-03-14 18:48:00,2009-03-14 19:48:00,0.7720328293518333
1425,2009-03-16 16:49:00,2009-03-16 17:49:00,0.8021978697046726
1426,2009-03-17 02:25:00,2009-03-17 03:25:00,0.7508607845182504
1427,2009-03-19 01:59:00,2009-03-19 02:59:00,0.9919570207105223
1428,2009-03-21 10:59:00,2009-03-21 11:59:00,0.9178119901600136
1429,2009-03-23 19:58:00,2009-03-23 20:58:00,0.9202485227785141
1430,2009-03-24 05:12:00,2009-03-24 06:12:00,0.7535700396012981
1431,2009-03-26 03:59:00,2009-03-26 04:59:00,0.9209018757321613
1432,2009-03-26 15:28:00,2009-03-26 16:28:00,0.7424070942240246
1433,2009-03-28 12:10:00,2009-03-28 13:10:00,0.8288776507592264
1434,2009-03-28 23:38:00,2009-03-29 00:38:00,0.8159473220404112
1435,2009-03-30 21:19:00,2009-03-30 22:19:00,0.9020868046490205
1436,2009-03-31 08:28:00,2009-03-31 09:28:00,0.7657430229159505
1437,2009-04-04 15:58:00,2009-04-04 16:58:00,0.9357083700672053
1438,2009-04-07 01:02:00,2009-04-07 02:02:00,0.974041948274361
1439,2009-04-09 11:14:00,2009-04-09 12:14:00,0.82441911271547
1440,2009-04-11 19:17:00,2009-04-11 20:17:00,0.8331650002694905
1441,2009-04-12 05:05:00,2009-04-12 06:05:00,0.7033444601085601
1442,2009-04-14 03:10:00,2009-04-14 04:10:00,0.9417595229415326
1443,2009-04-14 15:23:00,2009-04-14 16:23:00,0.7447464195360972
1444,2009-04-16 13:21:00,2009-04-16 14:21:00,0.8968552563530904
1445,2009-04-18 20:40:00,2009-04-18 21:40:00,0.9238287805481561
1446,2009-04-21 05:30:00,2009-04-21 06:30:00,0.9336236254074792
1447,2009-04-23 12:36:00,2009-04-23 13:36:00,0.8949002537875752
1448,2009-04-24 01:16:00,2009-04-24 02:16:00,0.8348595806446371
1449,2009-04-25 23:17:00,2009-04-26 00:17:00,0.9025094585380103
1450,2009-04-26 11:07:00,2009-04-26 12:07:00,0.7538532570439516
1451,2009-04-28 07:36:00,2009-04-28 08:36:00,0.9324748371317108
1452,2009-04-28 19:28:00,2009-04-28 20:28:00,0.8689928065008747
1453,2009-04-30 15:50:00,2009-04-30 16:50:00,0.9542646084982677
1454,2009-05-01 03:54:00,2009-05-01 04:54:00,0.8219341754656975
1455,2009-05-03 02:24:00,2009-05-03 03:24:00,0.941731964913529
1456,2009-05-03 13:55:00,2009-05-03 14:55:00,0.7408102353457436
1457,2009-05-05 09:30:00,2009-05-05 10:30:00,0.8916998694066809
1458,2009-05-05 21:46:00,2009-05-05 22:46:00,0.8352951290958358
1459,2009-05-08 07:36:00,2009-05-08 08:36:00,0.5703048716920519
1460,2009-05-10 03:24:00,2009-05-10 04:24:00,0.8533360304610929
1461,2009-05-10 16:15:00,2009-05-10 17:15:00,0.8327576963122262
1462,2009-05-12 10:08:00,2009-05-12 11:08:00,0.876309912671596
1463,2009-05-14 21:10:00,2009-05-14 22:10:00,0.9846096833246075
1464,2009-05-15 10:00:00,2009-05-15 11:00:00,0.7780064116595096
1465,2009-05-17 04:35:00,2009-05-17 05:35:00,0.8837610542839747
1466,2009-05-17 18:39:00,2009-05-17 19:39:00,0.860433951779822
1467,2009-05-17 22:36:00,2009-05-17 23:36:00,0.7738427466101591
1468,2009-05-19 11:45:00,2009-05-19 12:45:00,0.9527919362828752
1469,2009-05-21 22:24:00,2009-05-21 23:24:00,0.8594407801467762
1470,2009-05-22 13:09:00,2009-05-22 14:09:00,0.8415493723425448
1471,2009-05-24 07:17:00,2009-05-24 08:17:00,0.9265630512873753
1472,2009-05-25 00:03:00,2009-05-25 01:03:00,0.5872974468878198
1473,2009-05-25 03:50:00,2009-05-25 04:50:00,0.8949363648285419
1474,2009-05-26 17:07:00,2009-05-26 18:07:00,0.9451277385618512
1475,2009-05-29 15:54:00,2009-05-29 16:54:00,0.8615655146938482
1476,2009-05-29 19:02:00,2009-05-29 20:02:00,0.7919564872598835
1477,2009-05-29 22:11:00,2009-05-29 23:11:00,0.9715122119519929
1478,2009-05-31 08:51:00,2009-05-31 09:51:00,0.8669473563818989
1479,2009-05-31 10:45:00,2009-05-31 11:45:00,0.8680793703355931
1480,2009-06-01 03:16:00,2009-06-01 04:16:00,0.5563541591822648
1481,2009-06-01 06:24:00,2009-06-01 07:24:00,0.7935528825635382
1482,2009-06-02 19:49:00,2009-06-02 20:49:00,0.9241931540907543
1483,2009-06-03 10:12:00,2009-06-03 11:12:00,0.837534778514939
1484,2009-06-05 05:09:00,2009-06-05 06:09:00,0.9318118056889334
1485,2009-06-05 19:37:00,2009-06-05 20:37:00,0.5778589583110733
1486,2009-06-07 11:56:00,2009-06-07 12:56:00,0.9097975446691006
1487,2009-06-08 07:18:00,2009-06-08 08:18:00,0.7951702261201853
1488,2009-06-08 11:30:00,2009-06-08 12:30:00,0.9411702686656443
1489,2009-06-09 22:26:00,2009-06-09 23:26:00,0.9140124461427788
1490,2009-06-12 04:28:00,2009-06-12 05:28:00,0.9623863757496158
1491,2009-06-14 14:37:00,2009-06-14 15:37:00,0.973242622023692
1492,2009-06-16 22:27:00,2009-06-16 23:27:00,0.884053513313795
1493,2009-06-17 19:34:00,2009-06-17 20:34:00,0.7489140930618603
1494,2009-06-17 22:38:00,2009-06-17 23:38:00,0.7988237184453287
1495,2009-06-19 09:03:00,2009-06-19 10:03:00,0.8472147875365666
1496,2009-06-20 03:12:00,2009-06-20 04:12:00,0.5855195472005822
1497,2009-06-21 12:05:00,2009-06-21 13:05:00,0.9748315528775883
1498,2009-06-21 14:55:00,2009-06-21 15:55:00,0.9935331890339494
1499,2009-06-22 13:32:00,2009-06-22 14:32:00,0.8026544307547515
1500,2009-06-22 20:36:00,2009-06-22 21:36:00,0.8432113528476505
1501,2009-06-24 21:43:00,2009-06-24 22:43:00,0.6922844610561054
1502,2009-06-24 23:08:00,2009-06-25 00:08:00,0.7701684880195361
1503,2009-06-25 00:55:00,2009-06-25 01:55:00,0.8527913879347494
1504,2009-06-26 02:41:00,2009-06-26 03:41:00,0.9829687984410629
1505,2009-06-27 07:58:00,2009-06-27 08:58:00,0.7897555588997438
1506,2009-06-27 11:40:00,2009-06-27 12:40:00,0.972236106376957
1507,2009-06-29 17:19:00,2009-06-29 18:19:00,0.7686706844610887
1508,2009-06-29 22:23:00,2009-06-29 23:23:00,0.8434805053504557
1509,2009-06-30 00:51:00,2009-06-30 01:51:00,0.972816392558473
1510,2009-06-30 02:07:00,2009-06-30 03:07:00,0.9304766246551683
1511,2009-06-30 07:19:00,2009-06-30 08:19:00,0.9448126840367153
1512,2009-06-30 17:52:00,2009-06-30 18:52:00,0.9032241107945709
1513,2009-06-30 21:11:00,2009-06-30 22:11:00,0.8775608857160341
1514,2009-06-30 22:34:00,2009-06-30 23:34:00,0.7993578939357857
1515,2009-07-02 22:12:00,2009-07-02 23:12:00,0.9561910388500442
1516,2009-07-03 01:16:00,2009-07-03 02:16:00,0.8896131400527328
1517,2009-07-04 19:34:00,2009-07-04 20:34:00,0.95952643852858
1518,2009-07-07 05:18:00,2009-07-07 06:18:00,0.9482150480549829
1519,2009-07-07 20:21:00,2009-07-07 21:21:00,0.9903447629425445
1520,2009-07-07 21:57:00,2009-07-07 22:57:00,0.8589615089569652
1521,2009-07-07 23:30:00,2009-07-08 00:30:00,0.8537458107550255
1522,2009-07-09 16:10:00,2009-07-09 17:10:00,0.9858889835982264
1523,2009-07-10 04:34:00,2009-07-10 05:34:00,0.9909954204917979
1524,2009-07-10 07:41:00,2009-07-10 08:41:00,0.9740367920243663
1525,2009-07-10 09:30:00,2009-07-10 10:30:00,0.9113506599353444
1526,2009-07-10 11:51:00,2009-07-10 12:51:00,0.9493532035928992
1527,2009-07-14 09:35:00,2009-07-14 10:35:00,0.9177639438301675
1528,2009-07-14 12:35:00,2009-07-14 13:35:00,0.9452678287661692
1529,2009-07-21 19:57:00,2009-07-21 20:57:00,0.9864885362358224
1530,2009-07-21 22:56:00,2009-07-21 23:56:00,0.8868264193098696
1531,2009-11-08 01:53:00,2009-11-08 02:53:00,0.8550990835757256
1532,2009-11-08 18:26:00,2009-11-08 19:26:00,0.9320061892535313
1533,2009-11-08 22:45:00,2009-11-08 23:45:00,0.9649486574624533
